session_file,volunteer_id,fall_subtype,pace_variant,timestamp
arslan_session01.csv,Arslan,None,Normal,2026-09-05 14:43:45
arslan_session02.csv,Arslan,None,Normal,2026-09-05 14:44:45
arslan_session03.csv,Arslan,None,Normal,2026-09-05 14:45:31
arslan_session04.csv,Arslan,None,Normal,2026-09-05 14:46:07
zoya_session01.csv,Zoya,None,Normal,2026-09-05 22:28:17
zoya_session02.csv,Zoya,None,Normal,2026-09-05 22:29:02
zoya_session03.csv,Zoya,None,Normal,2026-09-05 22:31:54
zoya_session04.csv,Zoya,None,Normal,2026-09-05 22:32:50
zoya_session05.csv,Zoya,None,Normal,2026-09-05 22:33:36
zoya_session06.csv,Zoya,None,Normal,2026-09-05 22:34:33
zoya_session07.csv,Zoya,None,Normal,2026-09-05 22:35:23
zoya_session08.csv,Zoya,None,Normal,2026-09-05 22:35:58
zoya_session09.csv,Zoya,None,Normal,2026-09-05 22:36:47
zoya_session10.csv,Zoya,None,Normal,2026-09-05 22:37:24
shazia_session01.csv,Shazia,None,Normal,2026-09-05 22:39:52
shazia_session02.csv,Shazia,None,Normal,2026-09-05 22:40:36
shazia_session03.csv,Shazia,None,Normal,2026-09-05 22:41:22
shazia_session04.csv,Shazia,None,Normal,2026-09-05 22:42:28
shazia_session05.csv,Shazia,None,Normal,2026-09-05 22:43:18
shazia_session06.csv,Shazia,None,Normal,2026-09-05 22:43:49
shazia_session07.csv,Shazia,None,Normal,2026-09-05 22:44:46
shazia_session08.csv,Shazia,None,Normal,2026-09-05 22:45:44
shazia_session09.csv,Shazia,None,Normal,2026-09-05 22:46:14
shazia_session10.csv,Shazia,None,Normal,2026-09-05 22:47:04
shazia_session11.csv,Shazia,None,Normal,2026-09-05 22:47:50
shazia_session12.csv,Shazia,None,Normal,2026-09-05 22:48:30
shazia_session13.csv,Shazia,None,Normal,2026-09-05 22:49:05
shazia_session14.csv,Shazia,None,Normal,2026-09-05 22:49:52
shazia_session15.csv,Shazia,None,Normal,2026-09-05 22:50:15
shazia_session16.csv,Shazia,None,Normal,2026-09-05 22:50:54
shazia_session17.csv,Shazia,None,Normal,2026-09-05 22:51:50
shazia_session18.csv,Shazia,None,Normal,2026-09-05 22:52:31
shazia_session19.csv,Shazia,None,Normal,2026-09-05 22:53:31
shazia_session20.csv,Shazia,None,Normal,2026-09-05 22:54:50
shazia_session21.csv,Shazia,None,Normal,2026-09-05 22:55:43
shazia_session22.csv,Shazia,None,Normal,2026-09-05 22:56:37
shazia_session23.csv,Shazia,None,Normal,2026-09-05 22:57:15
shazia_session24.csv,Shazia,None,Normal,2026-09-05 22:58:07
shazia_session25.csv,Shazia,None,Normal,2026-09-05 22:58:47
shazia_session26.csv,Shazia,None,Normal,2026-09-05 22:59:41
shazia_session27.csv,Shazia,None,Normal,2026-09-05 22:59:54
