timestamp,sequence_id,target_id,x_mm,y_mm,speed_mms,distance_mm,angle_deg,valid,status,volunteer_id,fall_subtype,pace_variant,action_label
1788725994.9471667,11449,Person A,1520.0,3069.3,320.0,3422.11,26.33,True,Active,Zoya_dif,None,Normal,5: Lying down (controlled)
1788725995.028949,11450,Person A,1519.2,3069.1,160.0,3423.01,26.29,True,Active,Zoya_dif,None,Normal,5: Lying down (controlled)
1788725995.091463,11451,Person A,1518.5,3069.1,160.0,3425.25,26.29,True,Active,Zoya_dif,None,Normal,5: Lying down (controlled)
1788725995.1695828,11452,Person A,1518.3,3069.1,160.0,3425.24,26.33,True,Active,Zoya_dif,None,Normal,5: Lying down (controlled)
1788725995.2320788,11453,Person A,1518.3,3068.8,160.0,3424.79,26.35,True,Active,Zoya_dif,None,Normal,5: Lying down (controlled)
1788725995.3414469,11454,Person A,1518.3,3068.9,320.0,3426.59,26.3,True,Active,Zoya_dif,None,Normal,5: Lying down (controlled)
1788725995.4464412,11455,Person A,1518.1,3069.8,160.0,3430.64,26.21,True,Active,Zoya_dif,None,Normal,5: Lying down (controlled)
1788725995.5299528,11456,Person A,1517.6,3071.3,160.0,3434.69,26.15,True,Active,Zoya_dif,None,Normal,5: Lying down (controlled)
1788725995.612843,11457,Person A,1517.0,3072.9,160.0,3434.25,26.14,True,Active,Zoya_dif,None,Normal,5: Lying down (controlled)
1788725995.718557,11458,Person A,1516.1,3074.5,160.0,3433.37,26.11,True,Active,Zoya_dif,None,Normal,5: Lying down (controlled)
1788725995.7961166,11459,Person A,1515.2,3076.3,240.0,3434.28,26.07,True,Active,Zoya_dif,None,Normal,5: Lying down (controlled)
1788725995.8961608,11460,Person A,1514.6,3078.1,160.0,3436.52,26.07,True,Active,Zoya_dif,None,Normal,5: Lying down (controlled)
1788725995.9795623,11461,Person A,1514.1,3079.5,320.0,3435.6,26.11,True,Active,Zoya_dif,None,Normal,5: Lying down (controlled)
1788725996.0469458,11462,Person A,1513.8,3080.8,160.0,3435.57,26.18,True,Active,Zoya_dif,None,Normal,5: Lying down (controlled)
1788725996.2304087,11463,Person A,1514.0,3082.1,160.0,3437.33,26.28,True,Active,Zoya_dif,None,Normal,5: Lying down (controlled)
1788725996.3296754,11464,Person A,1514.5,3082.9,240.0,3435.98,26.31,True,Active,Zoya_dif,None,Normal,5: Lying down (controlled)
1788725996.4297879,11465,Person A,1515.4,3083.0,160.0,3435.52,26.33,True,Active,Zoya_dif,None,Normal,5: Lying down (controlled)
1788725996.49641,11466,Person A,1516.1,3082.7,320.0,3435.09,26.28,True,Active,Zoya_dif,None,Normal,5: Lying down (controlled)
1788725996.5805383,11467,Person A,1516.7,3082.2,0.0,3432.41,26.27,True,Active,Zoya_dif,None,Normal,5: Lying down (controlled)
1788725996.6621501,11468,Person A,1517.8,3081.5,160.0,3431.95,26.33,True,Active,Zoya_dif,None,Normal,5: Lying down (controlled)
1788725996.745534,11469,Person A,1519.3,3080.3,160.0,3430.15,26.38,True,Active,Zoya_dif,None,Normal,5: Lying down (controlled)
1788725996.829634,11470,Person A,1520.8,3078.8,160.0,3429.7,26.4,True,Active,Zoya_dif,None,Normal,5: Lying down (controlled)
1788725996.9133492,11471,Person A,1521.9,3077.8,320.0,3431.49,26.35,True,Active,Zoya_dif,None,Normal,5: Lying down (controlled)
1788725996.9863925,11472,Person A,1522.6,3077.6,160.0,3436.87,26.3,True,Active,Zoya_dif,None,Normal,5: Lying down (controlled)
1788725997.0488896,11473,Person A,1522.6,3077.8,160.0,3439.12,26.27,True,Active,Zoya_dif,None,Normal,5: Lying down (controlled)
1788725997.126989,11474,Person A,1522.4,3078.1,160.0,3437.78,26.26,True,Active,Zoya_dif,None,Normal,5: Lying down (controlled)
1788725997.2207525,11475,Person A,1522.1,3078.5,160.0,3437.78,26.26,True,Active,Zoya_dif,None,Normal,5: Lying down (controlled)
1788725997.2988718,11476,Person A,1521.6,3079.1,240.0,3438.26,26.16,True,Active,Zoya_dif,None,Normal,5: Lying down (controlled)
1788725997.3769913,11477,Person A,1521.1,3080.2,160.0,3440.08,26.11,True,Active,Zoya_dif,None,Normal,5: Lying down (controlled)
1788725997.455095,11478,Person A,1520.3,3081.3,160.0,3438.28,26.13,True,Active,Zoya_dif,None,Normal,5: Lying down (controlled)
1788725997.5332124,11479,Person A,1519.4,3082.7,160.0,3438.72,26.14,True,Active,Zoya_dif,None,Normal,5: Lying down (controlled)
1788725997.6113327,11480,Person A,1518.6,3084.1,160.0,3438.7,26.18,True,Active,Zoya_dif,None,Normal,5: Lying down (controlled)
1788725997.6894705,11481,Person A,1518.1,3085.2,-80.0,3439.15,26.19,True,Active,Zoya_dif,None,Normal,5: Lying down (controlled)
1788725997.7675903,11482,Person A,1517.7,3085.8,160.0,3440.48,26.2,True,Active,Zoya_dif,None,Normal,5: Lying down (controlled)
1788725997.8300667,11483,Person A,1517.2,3086.0,-80.0,3438.7,26.18,True,Active,Zoya_dif,None,Normal,5: Lying down (controlled)
1788725997.9238303,11484,Person A,1516.8,3085.8,0.0,3434.22,26.21,True,Active,Zoya_dif,None,Normal,5: Lying down (controlled)
1788725997.9863105,11485,Person A,1516.6,3084.5,0.0,3425.24,26.33,True,Active,Zoya_dif,None,Normal,5: Lying down (controlled)
1788725998.0644453,11486,Person A,1517.1,3082.0,160.0,3418.06,26.42,True,Active,Zoya_dif,None,Normal,5: Lying down (controlled)
1788725998.1425657,11487,Person A,1517.8,3079.0,160.0,3416.27,26.44,True,Active,Zoya_dif,None,Normal,5: Lying down (controlled)
1788725998.2050445,11488,Person A,1518.3,3076.6,320.0,3418.97,26.38,True,Active,Zoya_dif,None,Normal,5: Lying down (controlled)
1788725998.3144097,11489,Person A,1518.5,3074.9,160.0,3424.35,26.3,True,Active,Zoya_dif,None,Normal,5: Lying down (controlled)
1788725998.4081562,11490,Person A,1518.3,3073.6,160.0,3426.16,26.24,True,Active,Zoya_dif,None,Normal,5: Lying down (controlled)
1788725998.4706688,11491,Person A,1517.9,3072.3,160.0,3425.72,26.23,True,Active,Zoya_dif,None,Normal,5: Lying down (controlled)
1788725998.5487885,11492,Person A,1517.4,3071.0,160.0,3426.61,26.22,True,Active,Zoya_dif,None,Normal,5: Lying down (controlled)
1788725998.6269078,11493,Person A,1516.7,3070.2,240.0,3428.44,26.13,True,Active,Zoya_dif,None,Normal,5: Lying down (controlled)
1788725998.705008,11494,Person A,1516.0,3070.2,160.0,3431.13,26.11,True,Active,Zoya_dif,None,Normal,5: Lying down (controlled)
1788725998.814395,11495,Person A,1515.1,3071.2,160.0,3430.23,26.12,True,Active,Zoya_dif,None,Normal,5: Lying down (controlled)
1788725998.8925145,11496,Person A,1514.1,3073.0,160.0,3429.78,26.14,True,Active,Zoya_dif,None,Normal,5: Lying down (controlled)
1788725998.9706342,11497,Person A,1513.4,3075.1,160.0,3432.0,26.18,True,Active,Zoya_dif,None,Normal,5: Lying down (controlled)
1788725999.0487542,11498,Person A,1512.9,3076.7,240.0,3431.1,26.18,True,Active,Zoya_dif,None,Normal,5: Lying down (controlled)
1788725999.1424787,11499,Person A,1512.7,3077.6,160.0,3431.54,26.2,True,Active,Zoya_dif,None,Normal,5: Lying down (controlled)
1788725999.220602,11500,Person A,1512.7,3077.8,160.0,3427.95,26.23,True,Active,Zoya_dif,None,Normal,5: Lying down (controlled)
1788725999.283097,11501,Person A,1513.1,3078.0,160.0,3429.28,26.27,True,Active,Zoya_dif,None,Normal,5: Lying down (controlled)
1788725999.3612165,11502,Person A,1513.7,3078.2,160.0,3431.06,26.3,True,Active,Zoya_dif,None,Normal,5: Lying down (controlled)
1788725999.4237125,11503,Person A,1514.8,3077.8,160.0,3429.71,26.33,True,Active,Zoya_dif,None,Normal,5: Lying down (controlled)
1788725999.5174556,11504,Person A,1516.0,3077.0,160.0,3429.26,26.35,True,Active,Zoya_dif,None,Normal,5: Lying down (controlled)
1788725999.6111982,11505,Person A,1517.0,3076.3,-80.0,3428.37,26.32,True,Active,Zoya_dif,None,Normal,5: Lying down (controlled)
1788725999.6736925,11506,Person A,1517.9,3075.8,160.0,3429.27,26.31,True,Active,Zoya_dif,None,Normal,5: Lying down (controlled)
1788725999.7518327,11507,Person A,1518.7,3075.0,160.0,3428.36,26.36,True,Active,Zoya_dif,None,Normal,5: Lying down (controlled)
1788725999.829935,11508,Person A,1519.5,3074.0,160.0,3425.67,26.38,True,Active,Zoya_dif,None,Normal,5: Lying down (controlled)
1788725999.9080527,11509,Person A,1520.2,3073.0,160.0,3425.67,26.38,True,Active,Zoya_dif,None,Normal,5: Lying down (controlled)
1788725999.986174,11510,Person A,1521.2,3072.5,160.0,3427.9,26.42,True,Active,Zoya_dif,None,Normal,5: Lying down (controlled)
1788726000.0643113,11511,Person A,1522.5,3072.0,160.0,3430.58,26.51,True,Active,Zoya_dif,None,Normal,5: Lying down (controlled)
1788726000.1424322,11512,Person A,1523.9,3071.3,160.0,3431.02,26.56,True,Active,Zoya_dif,None,Normal,5: Lying down (controlled)
1788726000.2205331,11513,Person A,1525.4,3070.7,160.0,3431.02,26.59,True,Active,Zoya_dif,None,Normal,5: Lying down (controlled)
1788726000.3299177,11514,Person A,1527.1,3070.3,240.0,3433.26,26.63,True,Active,Zoya_dif,None,Normal,5: Lying down (controlled)
1788726000.4236474,11515,Person A,1529.2,3070.6,-80.0,3440.42,26.61,True,Active,Zoya_dif,None,Normal,5: Lying down (controlled)
1788726000.486157,11516,Person A,1531.4,3071.2,160.0,3444.44,26.59,True,Active,Zoya_dif,None,Normal,5: Lying down (controlled)
1788726000.5798812,11517,Person A,1533.1,3072.3,-80.0,3445.78,26.53,True,Active,Zoya_dif,None,Normal,5: Lying down (controlled)
1788726000.6423771,11518,Person A,1534.3,3073.3,-80.0,3439.97,26.48,True,Active,Zoya_dif,None,Normal,5: Lying down (controlled)
1788726000.7204998,11519,Person A,1535.2,3073.9,160.0,3435.05,26.47,True,Active,Zoya_dif,None,Normal,5: Lying down (controlled)
1788726000.7986205,11520,Person A,1535.2,3074.3,-80.0,3431.49,26.39,True,Active,Zoya_dif,None,Normal,5: Lying down (controlled)
1788726000.876756,11521,Person A,1534.5,3074.5,160.0,3429.25,26.39,True,Active,Zoya_dif,None,Normal,5: Lying down (controlled)
1788726000.9548755,11522,Person A,1533.0,3074.9,320.0,3427.93,26.3,True,Active,Zoya_dif,None,Normal,5: Lying down (controlled)
1788726001.0329952,11523,Person A,1530.9,3075.4,0.0,3426.16,26.24,True,Active,Zoya_dif,None,Normal,5: Lying down (controlled)
1788726001.1423628,11524,Person A,1528.5,3075.9,160.0,3427.05,26.24,True,Active,Zoya_dif,None,Normal,5: Lying down (controlled)
1788726001.2204626,11525,Person A,1525.9,3075.5,160.0,3425.26,26.25,True,Active,Zoya_dif,None,Normal,5: Lying down (controlled)
1788726001.2986023,11526,Person A,1523.3,3074.6,160.0,3424.81,26.27,True,Active,Zoya_dif,None,Normal,5: Lying down (controlled)
1788726001.3610792,11527,Person A,1520.8,3073.2,-80.0,3422.13,26.26,True,Active,Zoya_dif,None,Normal,5: Lying down (controlled)
1788726001.4548252,11528,Person A,1518.8,3072.2,160.0,3422.13,26.26,True,Active,Zoya_dif,None,Normal,5: Lying down (controlled)
1788726001.5329454,11529,Person A,1517.2,3071.6,160.0,3422.57,26.27,True,Active,Zoya_dif,None,Normal,5: Lying down (controlled)
1788726001.595441,11530,Person A,1516.2,3071.0,160.0,3421.67,26.28,True,Active,Zoya_dif,None,Normal,5: Lying down (controlled)
1788726001.673561,11531,Person A,1515.6,3070.4,160.0,3421.21,26.34,True,Active,Zoya_dif,None,Normal,5: Lying down (controlled)
1788726001.7516787,11532,Person A,1515.6,3070.0,240.0,3424.34,26.33,True,Active,Zoya_dif,None,Normal,5: Lying down (controlled)
1788726001.8298178,11533,Person A,1516.2,3069.9,160.0,3427.92,26.34,True,Active,Zoya_dif,None,Normal,5: Lying down (controlled)
1788726001.923541,11534,Person A,1516.9,3069.6,240.0,3427.47,26.36,True,Active,Zoya_dif,None,Normal,5: Lying down (controlled)
1788726002.0329115,11535,Person A,1517.8,3069.2,160.0,3425.67,26.42,True,Active,Zoya_dif,None,Normal,5: Lying down (controlled)
1788726002.111049,11536,Person A,1519.1,3068.6,160.0,3425.21,26.51,True,Active,Zoya_dif,None,Normal,5: Lying down (controlled)
1788726002.189151,11537,Person A,1521.0,3067.9,240.0,3424.31,26.59,True,Active,Zoya_dif,None,Normal,5: Lying down (controlled)
1788726002.2672749,11538,Person A,1523.1,3067.0,160.0,3423.42,26.64,True,Active,Zoya_dif,None,Normal,5: Lying down (controlled)
1788726002.3610115,11539,Person A,1524.9,3066.2,320.0,3423.42,26.6,True,Active,Zoya_dif,None,Normal,5: Lying down (controlled)
1788726002.454775,11540,Person A,1526.4,3065.1,-80.0,3418.5,26.59,True,Active,Zoya_dif,None,Normal,5: Lying down (controlled)
1788726002.5328763,11541,Person A,1527.7,3064.0,160.0,3417.16,26.62,True,Active,Zoya_dif,None,Normal,5: Lying down (controlled)
1788726002.6110144,11542,Person A,1528.8,3062.2,240.0,3413.14,26.63,True,Active,Zoya_dif,None,Normal,5: Lying down (controlled)
1788726002.6735113,11543,Person A,1529.6,3059.8,160.0,3410.01,26.64,True,Active,Zoya_dif,None,Normal,5: Lying down (controlled)
1788726002.7828608,11544,Person A,1530.4,3057.2,80.0,3407.77,26.68,True,Active,Zoya_dif,None,Normal,5: Lying down (controlled)
1788726002.8609805,11545,Person A,1531.0,3054.8,240.0,3406.88,26.69,True,Active,Zoya_dif,None,Normal,5: Lying down (controlled)
1788726002.9390976,11546,Person A,1531.0,3052.6,240.0,3405.54,26.68,True,Active,Zoya_dif,None,Normal,5: Lying down (controlled)
1788726003.0328443,11547,Person A,1530.6,3050.5,160.0,3403.75,26.69,True,Active,Zoya_dif,None,Normal,5: Lying down (controlled)
1788726003.2203321,11548,Person A,1530.1,3048.3,160.0,3401.52,26.73,True,Active,Zoya_dif,None,Normal,5: Lying down (controlled)
1788726003.3140724,11549,Person A,1529.6,3045.8,0.0,3398.84,26.72,True,Active,Zoya_dif,None,Normal,5: Lying down (controlled)
1788726003.4234602,11550,Person A,1529.4,3043.9,160.0,3400.62,26.7,True,Active,Zoya_dif,None,Normal,5: Lying down (controlled)
1788726003.501579,11551,Person A,1529.0,3042.1,240.0,3399.28,26.69,True,Active,Zoya_dif,None,Normal,5: Lying down (controlled)
1788726003.5797002,11552,Person A,1528.5,3040.8,160.0,3399.27,26.66,True,Active,Zoya_dif,None,Normal,5: Lying down (controlled)
1788726003.6421947,11553,Person A,1528.1,3040.0,160.0,3401.06,26.64,True,Active,Zoya_dif,None,Normal,5: Lying down (controlled)
1788726003.7515619,11554,Person A,1527.4,3039.5,240.0,3400.17,26.61,True,Active,Zoya_dif,None,Normal,5: Lying down (controlled)
1788726003.845307,11555,Person A,1526.5,3039.3,160.0,3401.06,26.57,True,Active,Zoya_dif,None,Normal,5: Lying down (controlled)
1788726003.9078019,11556,Person A,1525.6,3039.4,320.0,3402.4,26.53,True,Active,Zoya_dif,None,Normal,5: Lying down (controlled)
1788726003.9859226,11557,Person A,1524.9,3039.6,80.0,3402.4,26.57,True,Active,Zoya_dif,None,Normal,5: Lying down (controlled)
1788726004.0796473,11558,Person A,1524.6,3040.3,390.0,3406.43,26.63,True,Active,Zoya_dif,None,Normal,5: Lying down (controlled)
1788726004.1421444,11559,Person A,1524.8,3041.2,240.0,3407.77,26.68,True,Active,Zoya_dif,None,Normal,5: Lying down (controlled)
1788726004.2202647,11560,Person A,1525.1,3041.8,160.0,3407.33,26.7,True,Active,Zoya_dif,None,Normal,5: Lying down (controlled)
1788726004.298381,11561,Person A,1525.5,3042.8,320.0,3410.01,26.68,True,Active,Zoya_dif,None,Normal,5: Lying down (controlled)
1788726004.376522,11562,Person A,1526.4,3043.8,160.0,3412.25,26.72,True,Active,Zoya_dif,None,Normal,5: Lying down (controlled)
1788726004.4546406,11563,Person A,1527.6,3044.6,160.0,3413.6,26.76,True,Active,Zoya_dif,None,Normal,5: Lying down (controlled)
1788726004.532743,11564,Person A,1529.0,3045.2,160.0,3411.82,26.78,True,Active,Zoya_dif,None,Normal,5: Lying down (controlled)
1788726004.6421275,11565,Person A,1530.5,3045.5,160.0,3410.47,26.77,True,Active,Zoya_dif,None,Normal,5: Lying down (controlled)
1788726004.704607,11566,Person A,1531.9,3046.0,240.0,3413.14,26.71,True,Active,Zoya_dif,None,Normal,5: Lying down (controlled)
1788726004.7827275,11567,Person A,1533.0,3047.0,160.0,3416.27,26.66,True,Active,Zoya_dif,None,Normal,5: Lying down (controlled)
1788726004.8608434,11568,Person A,1533.6,3047.8,160.0,3416.27,26.66,True,Active,Zoya_dif,None,Normal,5: Lying down (controlled)
1788726004.9389658,11569,Person A,1533.8,3048.6,160.0,3415.82,26.65,True,Active,Zoya_dif,None,Normal,5: Lying down (controlled)
1788726005.0170858,11570,Person A,1533.7,3049.7,160.0,3416.71,26.6,True,Active,Zoya_dif,None,Normal,5: Lying down (controlled)
1788726005.0952227,11571,Person A,1533.5,3050.6,240.0,3417.16,26.58,True,Active,Zoya_dif,None,Normal,5: Lying down (controlled)
1788726005.1733422,11572,Person A,1533.0,3051.5,160.0,3418.05,26.57,True,Active,Zoya_dif,None,Normal,5: Lying down (controlled)
1788726005.2514462,11573,Person A,1532.0,3052.3,320.0,3416.26,26.55,True,Active,Zoya_dif,None,Normal,5: Lying down (controlled)
1788726005.3451908,11574,Person A,1530.9,3053.6,160.0,3418.5,26.51,True,Active,Zoya_dif,None,Normal,5: Lying down (controlled)
1788726005.4389372,11575,Person A,1530.1,3055.3,160.0,3422.08,26.52,True,Active,Zoya_dif,None,Normal,5: Lying down (controlled)
1788726005.5014281,11576,Person A,1529.7,3056.6,160.0,3422.97,26.55,True,Active,Zoya_dif,None,Normal,5: Lying down (controlled)
1788726005.5951884,11577,Person A,1529.6,3057.4,160.0,3422.97,26.59,True,Active,Zoya_dif,None,Normal,5: Lying down (controlled)
1788726005.6576836,11578,Person A,1529.3,3058.3,320.0,3422.97,26.55,True,Active,Zoya_dif,None,Normal,5: Lying down (controlled)
1788726005.7670336,11579,Person A,1529.1,3059.6,160.0,3426.55,26.52,True,Active,Zoya_dif,None,Normal,5: Lying down (controlled)
1788726005.8295279,11580,Person A,1529.0,3060.8,-80.0,3427.0,26.5,True,Active,Zoya_dif,None,Normal,5: Lying down (controlled)
1788726005.9232717,11581,Person A,1528.7,3061.8,160.0,3424.77,26.46,True,Active,Zoya_dif,None,Normal,5: Lying down (controlled)
1788726006.0014107,11582,Person A,1528.4,3062.6,160.0,3423.87,26.47,True,Active,Zoya_dif,None,Normal,5: Lying down (controlled)
1788726006.079511,11583,Person A,1528.3,3063.9,240.0,3427.45,26.44,True,Active,Zoya_dif,None,Normal,5: Lying down (controlled)
1788726006.1732545,11584,Person A,1528.5,3065.1,160.0,3430.13,26.45,True,Active,Zoya_dif,None,Normal,5: Lying down (controlled)
1788726006.267001,11585,Person A,1528.5,3065.9,240.0,3429.24,26.46,True,Active,Zoya_dif,None,Normal,5: Lying down (controlled)
1788726006.3451376,11586,Person A,1527.9,3066.2,-80.0,3422.98,26.44,True,Active,Zoya_dif,None,Normal,5: Lying down (controlled)
1788726006.4388618,11587,Person A,1526.5,3066.0,0.0,3414.94,26.39,True,Active,Zoya_dif,None,Normal,5: Lying down (controlled)
1788726006.516986,11588,Person A,1524.8,3065.5,240.0,3410.93,26.33,True,Active,Zoya_dif,None,Normal,5: Lying down (controlled)
1788726006.6107252,11589,Person A,1523.0,3064.4,160.0,3408.69,26.33,True,Active,Zoya_dif,None,Normal,5: Lying down (controlled)
1788726006.7044885,11590,Person A,1521.1,3063.2,320.0,3407.8,26.3,True,Active,Zoya_dif,None,Normal,5: Lying down (controlled)
1788726006.7825892,11591,Person A,1519.3,3061.8,-80.0,3404.23,26.29,True,Active,Zoya_dif,None,Normal,5: Lying down (controlled)
1788726006.8607092,11592,Person A,1517.7,3060.5,160.0,3405.11,26.32,True,Active,Zoya_dif,None,Normal,5: Lying down (controlled)
1788726006.9700813,11593,Person A,1516.3,3058.6,160.0,3404.21,26.37,True,Active,Zoya_dif,None,Normal,5: Lying down (controlled)
1788726007.0638194,11594,Person A,1514.9,3056.5,160.0,3405.1,26.4,True,Active,Zoya_dif,None,Normal,5: Lying down (controlled)
1788726007.1419396,11595,Person A,1513.3,3054.7,320.0,3406.0,26.35,True,Active,Zoya_dif,None,Normal,5: Lying down (controlled)
1788726007.2357032,11596,Person A,1512.2,3054.0,160.0,3411.82,26.32,True,Active,Zoya_dif,None,Normal,5: Lying down (controlled)
1788726007.3138068,11597,Person A,1511.8,3054.2,160.0,3414.95,26.32,True,Active,Zoya_dif,None,Normal,5: Lying down (controlled)
1788726007.5169172,11598,Person A,1511.9,3054.5,160.0,3414.06,26.32,True,Active,Zoya_dif,None,Normal,5: Lying down (controlled)
1788726007.5950375,11599,Person A,1512.1,3055.0,160.0,3414.06,26.32,True,Active,Zoya_dif,None,Normal,5: Lying down (controlled)
1788726007.7044022,11600,Person A,1512.4,3055.8,240.0,3416.3,26.29,True,Active,Zoya_dif,None,Normal,5: Lying down (controlled)
1788726007.766898,11601,Person A,1513.0,3057.2,160.0,3419.44,26.28,True,Active,Zoya_dif,None,Normal,5: Lying down (controlled)
1788726007.8450375,11602,Person A,1513.5,3058.5,240.0,3418.98,26.3,True,Active,Zoya_dif,None,Normal,5: Lying down (controlled)
1788726007.923156,11603,Person A,1513.9,3059.9,160.0,3418.53,26.33,True,Active,Zoya_dif,None,Normal,5: Lying down (controlled)
1788726008.016901,11604,Person A,1514.2,3061.4,160.0,3419.87,26.33,True,Active,Zoya_dif,None,Normal,5: Lying down (controlled)
1788726008.110624,11605,Person A,1514.5,3062.8,-80.0,3419.88,26.3,True,Active,Zoya_dif,None,Normal,5: Lying down (controlled)
1788726008.1731398,11606,Person A,1514.7,3063.7,160.0,3420.78,26.29,True,Active,Zoya_dif,None,Normal,5: Lying down (controlled)
1788726008.266865,11607,Person A,1514.4,3064.3,320.0,3419.01,26.23,True,Active,Zoya_dif,None,Normal,5: Lying down (controlled)
1788726008.3449848,11608,Person A,1514.1,3065.2,160.0,3420.8,26.21,True,Active,Zoya_dif,None,Normal,5: Lying down (controlled)
1788726008.4387274,11609,Person A,1514.1,3066.2,160.0,3423.02,26.25,True,Active,Zoya_dif,None,Normal,5: Lying down (controlled)
1788726008.5480988,11610,Person A,1514.4,3066.7,160.0,3422.12,26.3,True,Active,Zoya_dif,None,Normal,5: Lying down (controlled)
1788726008.6262345,11611,Person A,1514.8,3066.8,160.0,3422.11,26.33,True,Active,Zoya_dif,None,Normal,5: Lying down (controlled)
1788726008.7043374,11612,Person A,1515.0,3067.2,320.0,3423.46,26.3,True,Active,Zoya_dif,None,Normal,5: Lying down (controlled)
1788726008.7824733,11613,Person A,1515.4,3068.1,160.0,3428.37,26.32,True,Active,Zoya_dif,None,Normal,5: Lying down (controlled)
1788726008.8605769,11614,Person A,1516.0,3068.9,160.0,3429.7,26.36,True,Active,Zoya_dif,None,Normal,5: Lying down (controlled)
1788726008.9543173,11615,Person A,1516.9,3069.3,160.0,3427.46,26.4,True,Active,Zoya_dif,None,Normal,5: Lying down (controlled)
1788726009.032457,11616,Person A,1518.0,3069.5,240.0,3427.45,26.44,True,Active,Zoya_dif,None,Normal,5: Lying down (controlled)
1788726009.1105769,11617,Person A,1519.5,3069.9,240.0,3429.24,26.42,True,Active,Zoya_dif,None,Normal,5: Lying down (controlled)
1788726009.1886766,11618,Person A,1521.0,3070.3,160.0,3431.04,26.41,True,Active,Zoya_dif,None,Normal,5: Lying down (controlled)
1788726009.2824228,11619,Person A,1522.1,3070.5,160.0,3429.7,26.4,True,Active,Zoya_dif,None,Normal,5: Lying down (controlled)
1788726009.3761635,11620,Person A,1523.1,3070.9,160.0,3430.14,26.42,True,Active,Zoya_dif,None,Normal,5: Lying down (controlled)
1788726009.4542866,11621,Person A,1524.4,3071.3,160.0,3431.47,26.5,True,Active,Zoya_dif,None,Normal,5: Lying down (controlled)
1788726009.548047,11622,Person A,1526.1,3071.5,-80.0,3432.81,26.54,True,Active,Zoya_dif,None,Normal,5: Lying down (controlled)
1788726009.6417742,11623,Person A,1527.6,3071.3,160.0,3433.26,26.56,True,Active,Zoya_dif,None,Normal,5: Lying down (controlled)
1788726009.7511384,11624,Person A,1528.5,3071.4,320.0,3434.6,26.49,True,Active,Zoya_dif,None,Normal,5: Lying down (controlled)
1788726009.8605096,11625,Person A,1529.2,3072.2,160.0,3437.74,26.45,True,Active,Zoya_dif,None,Normal,5: Lying down (controlled)
1788726009.9230053,11626,Person A,1529.9,3073.3,160.0,3440.42,26.46,True,Active,Zoya_dif,None,Normal,5: Lying down (controlled)
1788726010.0011253,11627,Person A,1530.7,3074.2,160.0,3440.87,26.48,True,Active,Zoya_dif,None,Normal,5: Lying down (controlled)
1788726010.0636208,11628,Person A,1531.6,3074.9,160.0,3441.31,26.49,True,Active,Zoya_dif,None,Normal,5: Lying down (controlled)
1788726010.1730044,11629,Person A,1532.9,3075.4,0.0,3439.97,26.56,True,Active,Zoya_dif,None,Normal,5: Lying down (controlled)
1788726010.2823563,11630,Person A,1533.9,3075.5,-80.0,3435.49,26.56,True,Active,Zoya_dif,None,Normal,5: Lying down (controlled)
1788726010.3604755,11631,Person A,1534.4,3075.3,160.0,3431.92,26.59,True,Active,Zoya_dif,None,Normal,5: Lying down (controlled)
1788726010.4385934,11632,Person A,1534.5,3075.1,160.0,3431.47,26.57,True,Active,Zoya_dif,None,Normal,5: Lying down (controlled)
1788726010.5167134,11633,Person A,1534.5,3075.0,160.0,3432.36,26.57,True,Active,Zoya_dif,None,Normal,5: Lying down (controlled)
1788726010.6104553,11634,Person A,1534.5,3074.7,-80.0,3431.92,26.51,True,Active,Zoya_dif,None,Normal,5: Lying down (controlled)
1788726010.7041986,11635,Person A,1534.6,3074.2,160.0,3433.71,26.5,True,Active,Zoya_dif,None,Normal,5: Lying down (controlled)
1788726010.7979643,11636,Person A,1534.1,3073.8,320.0,3434.61,26.42,True,Active,Zoya_dif,None,Normal,5: Lying down (controlled)
1788726010.8760633,11637,Person A,1533.4,3073.7,160.0,3436.85,26.38,True,Active,Zoya_dif,None,Normal,5: Lying down (controlled)
1788726010.9698067,11638,Person A,1532.8,3073.7,160.0,3438.64,26.4,True,Active,Zoya_dif,None,Normal,5: Lying down (controlled)
1788726011.0635695,11639,Person A,1532.0,3073.8,160.0,3437.29,26.43,True,Active,Zoya_dif,None,Normal,5: Lying down (controlled)
1788726011.1729372,11640,Person A,1531.5,3074.2,160.0,3436.84,26.45,True,Active,Zoya_dif,None,Normal,5: Lying down (controlled)
1788726011.251057,11641,Person A,1531.0,3075.1,240.0,3437.74,26.45,True,Active,Zoya_dif,None,Normal,5: Lying down (controlled)
1788726011.3291576,11642,Person A,1530.6,3076.2,160.0,3439.53,26.43,True,Active,Zoya_dif,None,Normal,5: Lying down (controlled)
1788726011.4385266,11643,Person A,1529.9,3077.1,320.0,3437.3,26.39,True,Active,Zoya_dif,None,Normal,5: Lying down (controlled)
1788726011.5322685,11644,Person A,1529.4,3078.0,160.0,3437.75,26.37,True,Active,Zoya_dif,None,Normal,5: Lying down (controlled)
1788726011.61039,11645,Person A,1529.2,3078.7,160.0,3439.08,26.42,True,Active,Zoya_dif,None,Normal,5: Lying down (controlled)
1788726011.704152,11646,Person A,1529.6,3078.9,160.0,3438.18,26.46,True,Active,Zoya_dif,None,Normal,5: Lying down (controlled)
1788726011.7978804,11647,Person A,1530.3,3078.6,160.0,3437.29,26.51,True,Active,Zoya_dif,None,Normal,5: Lying down (controlled)
1788726011.938494,11648,Person A,1530.8,3078.4,320.0,3439.08,26.49,True,Active,Zoya_dif,None,Normal,5: Lying down (controlled)
1788726012.0478587,11649,Person A,1531.3,3078.8,-80.0,3443.1,26.48,True,Active,Zoya_dif,None,Normal,5: Lying down (controlled)
1788726012.1103578,11650,Person A,1531.6,3079.3,240.0,3442.66,26.46,True,Active,Zoya_dif,None,Normal,5: Lying down (controlled)
1788726012.2041175,11651,Person A,1532.0,3079.4,160.0,3440.42,26.5,True,Active,Zoya_dif,None,Normal,5: Lying down (controlled)
1788726012.2822382,11652,Person A,1532.5,3078.6,-80.0,3434.6,26.57,True,Active,Zoya_dif,None,Normal,5: Lying down (controlled)
1788726012.360358,11653,Person A,1533.5,3077.4,240.0,3431.03,26.63,True,Active,Zoya_dif,None,Normal,5: Lying down (controlled)
1788726012.4541004,11654,Person A,1534.6,3075.8,160.0,3428.34,26.65,True,Active,Zoya_dif,None,Normal,5: Lying down (controlled)
1788726012.5322037,11655,Person A,1535.2,3074.3,320.0,3428.34,26.62,True,Active,Zoya_dif,None,Normal,5: Lying down (controlled)
1788726012.625945,11656,Person A,1535.6,3073.3,160.0,3431.02,26.59,True,Active,Zoya_dif,None,Normal,5: Lying down (controlled)
1788726012.6884604,11657,Person A,1536.0,3072.5,160.0,3431.92,26.62,True,Active,Zoya_dif,None,Normal,5: Lying down (controlled)
1788726012.7821853,11658,Person A,1536.4,3071.5,160.0,3431.92,26.62,True,Active,Zoya_dif,None,Normal,5: Lying down (controlled)
1788726012.8603249,11659,Person A,1536.8,3070.1,160.0,3432.37,26.64,True,Active,Zoya_dif,None,Normal,5: Lying down (controlled)
1788726012.9384234,11660,Person A,1537.3,3068.9,240.0,3434.16,26.62,True,Active,Zoya_dif,None,Normal,5: Lying down (controlled)
1788726013.0165632,11661,Person A,1537.7,3068.3,160.0,3436.84,26.6,True,Active,Zoya_dif,None,Normal,5: Lying down (controlled)
1788726013.0946844,11662,Person A,1537.8,3068.5,320.0,3436.84,26.57,True,Active,Zoya_dif,None,Normal,5: Lying down (controlled)
1788726013.1884072,11663,Person A,1537.5,3068.7,-80.0,3431.47,26.57,True,Active,Zoya_dif,None,Normal,5: Lying down (controlled)
1788726013.282156,11664,Person A,1537.5,3068.8,160.0,3429.24,26.65,True,Active,Zoya_dif,None,Normal,5: Lying down (controlled)
1788726013.3915212,11665,Person A,1537.7,3068.3,240.0,3424.77,26.68,True,Active,Zoya_dif,None,Normal,5: Lying down (controlled)
1788726013.4696383,11666,Person A,1537.8,3067.2,160.0,3421.64,26.69,True,Active,Zoya_dif,None,Normal,5: Lying down (controlled)
1788726013.5477583,11667,Person A,1538.0,3065.5,0.0,3417.63,26.78,True,Active,Zoya_dif,None,Normal,5: Lying down (controlled)
1788726013.6571298,11668,Person A,1538.4,3063.7,160.0,3417.64,26.82,True,Active,Zoya_dif,None,Normal,5: Lying down (controlled)
1788726013.766513,11669,Person A,1538.7,3061.7,240.0,3415.86,26.84,True,Active,Zoya_dif,None,Normal,5: Lying down (controlled)
1788726013.860237,11670,Person A,1539.0,3059.4,160.0,3414.96,26.84,True,Active,Zoya_dif,None,Normal,5: Lying down (controlled)
1788726013.938376,11671,Person A,1539.4,3056.9,160.0,3416.31,26.85,True,Active,Zoya_dif,None,Normal,5: Lying down (controlled)
1788726014.01648,11672,Person A,1539.9,3054.3,240.0,3415.86,26.84,True,Active,Zoya_dif,None,Normal,5: Lying down (controlled)
1788726014.0945992,11673,Person A,1540.5,3052.2,160.0,3415.4,26.82,True,Active,Zoya_dif,None,Normal,5: Lying down (controlled)
1788726014.1883593,11674,Person A,1540.5,3050.7,320.0,3415.84,26.76,True,Active,Zoya_dif,None,Normal,5: Lying down (controlled)
1788726014.29771,11675,Person A,1539.7,3050.3,-80.0,3417.61,26.6,True,Active,Zoya_dif,None,Normal,5: Lying down (controlled)
1788726014.3758461,11676,Person A,1537.6,3050.7,-80.0,3415.84,26.35,True,Active,Zoya_dif,None,Normal,5: Lying down (controlled)
1788726014.4539664,11677,Person A,1533.9,3052.1,160.0,3413.68,26.12,True,Active,Zoya_dif,None,Normal,5: Lying down (controlled)
1788726014.5320857,11678,Person A,1529.6,3053.6,160.0,3411.92,26.06,True,Active,Zoya_dif,None,Normal,5: Lying down (controlled)
1788726014.610186,11679,Person A,1525.2,3055.6,240.0,3414.18,26.02,True,Active,Zoya_dif,None,Normal,5: Lying down (controlled)
1788726014.735197,11680,Person A,1521.4,3057.7,160.0,3416.82,26.12,True,Active,Zoya_dif,None,Normal,5: Lying down (controlled)
1788726014.813317,11681,Person A,1517.9,3059.6,320.0,3417.68,26.18,True,Active,Zoya_dif,None,Normal,5: Lying down (controlled)
1788726014.8914175,11682,Person A,1514.2,3061.8,160.0,3419.05,26.12,True,Active,Zoya_dif,None,Normal,5: Lying down (controlled)
1788726014.969558,11683,Person A,1510.5,3064.3,160.0,3421.31,26.08,True,Active,Zoya_dif,None,Normal,5: Lying down (controlled)
1788726015.0632806,11684,Person A,1507.2,3066.3,160.0,3419.05,26.12,True,Active,Zoya_dif,None,Normal,5: Lying down (controlled)
1788726015.1570272,11685,Person A,1504.8,3067.5,160.0,3417.7,26.15,True,Active,Zoya_dif,None,Normal,5: Lying down (controlled)
1788726015.2351477,11686,Person A,1503.8,3067.9,0.0,3415.01,26.17,True,Active,Zoya_dif,None,Normal,5: Lying down (controlled)
1788726015.3289077,11687,Person A,1504.2,3067.9,160.0,3415.45,26.18,True,Active,Zoya_dif,None,Normal,5: Lying down (controlled)
1788726015.4226317,11688,Person A,1504.9,3067.8,160.0,3414.11,26.17,True,Active,Zoya_dif,None,Normal,5: Lying down (controlled)
1788726015.516395,11689,Person A,1505.6,3067.6,160.0,3415.46,26.14,True,Active,Zoya_dif,None,Normal,5: Lying down (controlled)
1788726015.6101189,11690,Person A,1505.8,3067.5,160.0,3416.8,26.15,True,Active,Zoya_dif,None,Normal,5: Lying down (controlled)
1788726015.6882417,11691,Person A,1505.6,3067.3,80.0,3415.01,26.17,True,Active,Zoya_dif,None,Normal,5: Lying down (controlled)
1788726015.7663596,11692,Person A,1505.7,3066.9,160.0,3415.9,26.16,True,Active,Zoya_dif,None,Normal,5: Lying down (controlled)
1788726015.8601024,11693,Person A,1505.6,3066.4,320.0,3416.38,26.1,True,Active,Zoya_dif,None,Normal,5: Lying down (controlled)
1788726015.969469,11694,Person A,1505.0,3066.5,320.0,3417.32,26.02,True,Active,Zoya_dif,None,Normal,5: Lying down (controlled)
1788726016.0632133,11695,Person A,1504.3,3066.7,240.0,3416.42,26.03,True,Active,Zoya_dif,None,Normal,5: Lying down (controlled)
1788726016.1413362,11696,Person A,1503.6,3067.1,160.0,3415.52,26.03,True,Active,Zoya_dif,None,Normal,5: Lying down (controlled)
1788726016.219453,11697,Person A,1503.0,3067.3,160.0,3414.6,26.08,True,Active,Zoya_dif,None,Normal,5: Lying down (controlled)
1788726016.3913176,11698,Person A,1502.8,3067.7,240.0,3416.82,26.12,True,Active,Zoya_dif,None,Normal,5: Lying down (controlled)
1788726016.5006852,11699,Person A,1503.0,3068.0,160.0,3419.04,26.15,True,Active,Zoya_dif,None,Normal,5: Lying down (controlled)
1788726016.5944486,11700,Person A,1503.4,3068.4,160.0,3422.15,26.18,True,Active,Zoya_dif,None,Normal,5: Lying down (controlled)
1788726016.656924,11701,Person A,1504.1,3069.1,160.0,3424.38,26.22,True,Active,Zoya_dif,None,Normal,5: Lying down (controlled)
1788726016.7506866,11702,Person A,1505.4,3069.7,160.0,3427.03,26.31,True,Active,Zoya_dif,None,Normal,5: Lying down (controlled)
1788726016.828791,11703,Person A,1507.3,3069.9,160.0,3426.57,26.37,True,Active,Zoya_dif,None,Normal,5: Lying down (controlled)
1788726016.9537976,11704,Person A,1509.8,3069.7,160.0,3426.56,26.41,True,Active,Zoya_dif,None,Normal,5: Lying down (controlled)
1788726017.0475423,11705,Person A,1512.1,3069.9,320.0,3428.36,26.36,True,Active,Zoya_dif,None,Normal,5: Lying down (controlled)
1788726017.1100183,11706,Person A,1514.3,3070.9,160.0,3434.19,26.29,True,Active,Zoya_dif,None,Normal,5: Lying down (controlled)
1788726017.1881416,11707,Person A,1516.2,3072.5,240.0,3437.34,26.24,True,Active,Zoya_dif,None,Normal,5: Lying down (controlled)
1788726017.2662778,11708,Person A,1518.0,3074.0,160.0,3438.22,26.27,True,Active,Zoya_dif,None,Normal,5: Lying down (controlled)
1788726017.360001,11709,Person A,1519.8,3075.3,160.0,3438.66,26.33,True,Active,Zoya_dif,None,Normal,5: Lying down (controlled)
1788726017.438126,11710,Person A,1521.5,3076.4,-80.0,3439.54,26.36,True,Active,Zoya_dif,None,Normal,5: Lying down (controlled)
1788726017.5318837,11711,Person A,1523.1,3077.5,160.0,3441.33,26.38,True,Active,Zoya_dif,None,Normal,5: Lying down (controlled)
1788726017.5943801,11712,Person A,1523.8,3078.6,-80.0,3439.99,26.33,True,Active,Zoya_dif,None,Normal,5: Lying down (controlled)
1788726017.6881044,11713,Person A,1524.1,3079.6,0.0,3436.86,26.34,True,Active,Zoya_dif,None,Normal,5: Lying down (controlled)
1788726017.7818508,11714,Person A,1524.6,3080.3,160.0,3435.06,26.43,True,Active,Zoya_dif,None,Normal,5: Lying down (controlled)
1788726017.8912182,11715,Person A,1525.4,3080.3,160.0,3431.92,26.48,True,Active,Zoya_dif,None,Normal,5: Lying down (controlled)
1788726017.9537141,11716,Person A,1526.5,3079.3,160.0,3430.13,26.53,True,Active,Zoya_dif,None,Normal,5: Lying down (controlled)
1788726018.0318513,11717,Person A,1527.7,3078.0,320.0,3431.02,26.52,True,Active,Zoya_dif,None,Normal,5: Lying down (controlled)
1788726018.10997,11718,Person A,1528.9,3077.0,160.0,3434.6,26.53,True,Active,Zoya_dif,None,Normal,5: Lying down (controlled)
1788726018.2193184,11719,Person A,1529.8,3076.1,240.0,3434.6,26.53,True,Active,Zoya_dif,None,Normal,5: Lying down (controlled)
1788726018.3130615,11720,Person A,1530.5,3075.1,160.0,3433.71,26.54,True,Active,Zoya_dif,None,Normal,5: Lying down (controlled)
1788726018.3912008,11721,Person A,1531.1,3074.1,160.0,3435.05,26.54,True,Active,Zoya_dif,None,Normal,5: Lying down (controlled)
1788726018.4693213,11722,Person A,1531.8,3073.0,-80.0,3433.26,26.52,True,Active,Zoya_dif,None,Normal,5: Lying down (controlled)
1788726018.547441,11723,Person A,1532.6,3072.3,160.0,3434.15,26.51,True,Active,Zoya_dif,None,Normal,5: Lying down (controlled)
1788726018.656792,11724,Person A,1532.7,3072.0,-80.0,3432.82,26.47,True,Active,Zoya_dif,None,Normal,5: Lying down (controlled)
1788726018.7349122,11725,Person A,1532.5,3072.3,160.0,3433.72,26.42,True,Active,Zoya_dif,None,Normal,5: Lying down (controlled)
1788726018.8130286,11726,Person A,1532.3,3073.0,160.0,3435.5,26.45,True,Active,Zoya_dif,None,Normal,5: Lying down (controlled)
1788726018.8911674,11727,Person A,1532.3,3073.5,160.0,3435.5,26.48,True,Active,Zoya_dif,None,Normal,5: Lying down (controlled)
1788726018.9849124,11728,Person A,1532.2,3073.6,160.0,3435.05,26.51,True,Active,Zoya_dif,None,Normal,5: Lying down (controlled)
1788726019.0786345,11729,Person A,1532.0,3073.3,0.0,3431.02,26.52,True,Active,Zoya_dif,None,Normal,5: Lying down (controlled)
1788726019.1723983,11730,Person A,1532.0,3072.9,160.0,3430.13,26.57,True,Active,Zoya_dif,None,Normal,5: Lying down (controlled)
1788726019.250499,11731,Person A,1531.8,3072.2,240.0,3427.89,26.57,True,Active,Zoya_dif,None,Normal,5: Lying down (controlled)
1788726019.3442621,11732,Person A,1531.8,3071.4,160.0,3426.1,26.58,True,Active,Zoya_dif,None,Normal,5: Lying down (controlled)
1788726019.4223816,11733,Person A,1532.1,3070.4,160.0,3426.55,26.63,True,Active,Zoya_dif,None,Normal,5: Lying down (controlled)
1788726019.5161085,11734,Person A,1532.7,3069.1,80.0,3423.87,26.65,True,Active,Zoya_dif,None,Normal,5: Lying down (controlled)
1788726019.6254928,11735,Person A,1533.7,3067.4,160.0,3422.98,26.7,True,Active,Zoya_dif,None,Normal,5: Lying down (controlled)
1788726019.6879907,11736,Person A,1534.8,3065.2,80.0,3420.76,26.77,True,Active,Zoya_dif,None,Normal,5: Lying down (controlled)
1788726019.7660892,11737,Person A,1536.1,3062.9,160.0,3420.78,26.85,True,Active,Zoya_dif,None,Normal,5: Lying down (controlled)
1788726019.8598328,11738,Person A,1537.5,3060.6,160.0,3420.79,26.89,True,Active,Zoya_dif,None,Normal,5: Lying down (controlled)
1788726019.9692013,11739,Person A,1539.3,3058.4,160.0,3419.47,26.95,True,Active,Zoya_dif,None,Normal,5: Lying down (controlled)
1788726020.0473194,11740,Person A,1541.0,3056.1,160.0,3417.25,26.99,True,Active,Zoya_dif,None,Normal,5: Lying down (controlled)
1788726020.12544,11741,Person A,1542.9,3054.1,240.0,3418.6,27.0,True,Active,Zoya_dif,None,Normal,5: Lying down (controlled)
1788726020.2191837,11742,Person A,1544.8,3052.4,160.0,3419.49,26.99,True,Active,Zoya_dif,None,Normal,5: Lying down (controlled)
1788726020.3129473,11743,Person A,1546.3,3050.9,320.0,3419.93,26.97,True,Active,Zoya_dif,None,Normal,5: Lying down (controlled)
1788726020.4222944,11744,Person A,1547.6,3049.2,-80.0,3414.56,26.98,True,Active,Zoya_dif,None,Normal,5: Lying down (controlled)
1788726020.5160387,11745,Person A,1548.9,3047.3,160.0,3411.91,27.04,True,Active,Zoya_dif,None,Normal,5: Lying down (controlled)
1788726020.5941584,11746,Person A,1549.7,3045.4,240.0,3407.44,27.04,True,Active,Zoya_dif,None,Normal,5: Lying down (controlled)
1788726020.7504032,11747,Person A,1549.9,3043.5,160.0,3404.75,27.02,True,Active,Zoya_dif,None,Normal,5: Lying down (controlled)
1788726020.8753927,11748,Person A,1549.3,3041.7,0.0,3402.02,26.93,True,Active,Zoya_dif,None,Normal,5: Lying down (controlled)
1788726020.9691365,11749,Person A,1548.0,3040.5,160.0,3402.89,26.85,True,Active,Zoya_dif,None,Normal,5: Lying down (controlled)
1788726021.0472562,11750,Person A,1546.4,3039.7,240.0,3402.88,26.81,True,Active,Zoya_dif,None,Normal,5: Lying down (controlled)
1788726021.1253927,11751,Person A,1544.6,3038.8,160.0,3402.43,26.8,True,Active,Zoya_dif,None,Normal,5: Lying down (controlled)
1788726021.219136,11752,Person A,1543.0,3037.8,160.0,3403.33,26.83,True,Active,Zoya_dif,None,Normal,5: Lying down (controlled)
1788726021.2816322,11753,Person A,1541.6,3036.6,240.0,3402.89,26.85,True,Active,Zoya_dif,None,Normal,5: Lying down (controlled)
1788726021.3753588,11754,Person A,1540.5,3035.8,160.0,3402.45,26.87,True,Active,Zoya_dif,None,Normal,5: Lying down (controlled)
1788726021.4690995,11755,Person A,1539.1,3035.6,320.0,3403.78,26.84,True,Active,Zoya_dif,None,Normal,5: Lying down (controlled)
1788726021.5472193,11756,Person A,1537.6,3035.8,0.0,3402.43,26.8,True,Active,Zoya_dif,None,Normal,5: Lying down (controlled)
1788726021.6253388,11757,Person A,1536.0,3036.1,-80.0,3400.18,26.76,True,Active,Zoya_dif,None,Normal,5: Lying down (controlled)
1788726021.7034779,11758,Person A,1535.0,3036.1,160.0,3397.51,26.78,True,Active,Zoya_dif,None,Normal,5: Lying down (controlled)
1788726021.797222,11759,Person A,1534.5,3035.5,160.0,3395.28,26.82,True,Active,Zoya_dif,None,Normal,5: Lying down (controlled)
1788726021.8909452,11760,Person A,1534.0,3035.1,240.0,3397.06,26.77,True,Active,Zoya_dif,None,Normal,5: Lying down (controlled)
1788726021.969085,11761,Person A,1533.7,3034.8,160.0,3398.4,26.78,True,Active,Zoya_dif,None,Normal,5: Lying down (controlled)
1788726022.0471857,11762,Person A,1533.3,3034.3,160.0,3397.06,26.81,True,Active,Zoya_dif,None,Normal,5: Lying down (controlled)
1788726022.1097007,11763,Person A,1532.9,3033.9,160.0,3397.52,26.82,True,Active,Zoya_dif,None,Normal,5: Lying down (controlled)
1788726022.234676,11764,Person A,1532.7,3033.8,160.0,3400.65,26.85,True,Active,Zoya_dif,None,Normal,5: Lying down (controlled)
1788726022.3127956,11765,Person A,1532.5,3033.8,160.0,3402.88,26.81,True,Active,Zoya_dif,None,Normal,5: Lying down (controlled)
1788726022.3909316,11766,Person A,1532.6,3034.1,160.0,3405.56,26.79,True,Active,Zoya_dif,None,Normal,5: Lying down (controlled)
1788726022.4690328,11767,Person A,1532.6,3034.8,-80.0,3406.44,26.71,True,Active,Zoya_dif,None,Normal,5: Lying down (controlled)
1788726022.5627956,11768,Person A,1532.4,3036.4,160.0,3410.9,26.63,True,Active,Zoya_dif,None,Normal,5: Lying down (controlled)
1788726022.6565187,11769,Person A,1531.9,3038.5,240.0,3411.79,26.59,True,Active,Zoya_dif,None,Normal,5: Lying down (controlled)
1788726022.7658904,11770,Person A,1531.6,3040.2,160.0,3410.9,26.6,True,Active,Zoya_dif,None,Normal,5: Lying down (controlled)
1788726022.8440263,11771,Person A,1531.4,3041.7,160.0,3410.9,26.63,True,Active,Zoya_dif,None,Normal,5: Lying down (controlled)
1788726022.922127,11772,Person A,1531.2,3043.4,-80.0,3411.35,26.65,True,Active,Zoya_dif,None,Normal,5: Lying down (controlled)
1788726023.0002675,11773,Person A,1531.1,3045.2,160.0,3413.14,26.67,True,Active,Zoya_dif,None,Normal,5: Lying down (controlled)
1788726023.078365,11774,Person A,1530.4,3046.9,320.0,3412.69,26.62,True,Active,Zoya_dif,None,Normal,5: Lying down (controlled)
1788726023.1564884,11775,Person A,1529.9,3048.5,160.0,3414.92,26.62,True,Active,Zoya_dif,None,Normal,5: Lying down (controlled)
1788726023.2502298,11776,Person A,1529.8,3049.8,160.0,3416.72,26.68,True,Active,Zoya_dif,None,Normal,5: Lying down (controlled)
1788726023.3283684,11777,Person A,1530.4,3050.5,160.0,3415.39,26.75,True,Active,Zoya_dif,None,Normal,5: Lying down (controlled)
1788726023.45336,11778,Person A,1531.5,3050.4,160.0,3414.95,26.81,True,Active,Zoya_dif,None,Normal,5: Lying down (controlled)
1788726023.5314627,11779,Person A,1533.2,3049.6,0.0,3412.3,26.9,True,Active,Zoya_dif,None,Normal,5: Lying down (controlled)
1788726023.6252067,11780,Person A,1535.4,3048.6,160.0,3411.89,27.0,True,Active,Zoya_dif,None,Normal,5: Lying down (controlled)
1788726023.7033448,11781,Person A,1537.5,3047.5,160.0,3410.56,27.03,True,Active,Zoya_dif,None,Normal,5: Lying down (controlled)
1788726023.781444,11782,Person A,1538.9,3046.2,-80.0,3406.06,26.96,True,Active,Zoya_dif,None,Normal,5: Lying down (controlled)
1788726023.8752074,11783,Person A,1539.6,3044.6,160.0,3402.01,26.9,True,Active,Zoya_dif,None,Normal,5: Lying down (controlled)
1788726023.9689338,11784,Person A,1540.3,3042.8,240.0,3399.76,26.86,True,Active,Zoya_dif,None,Normal,5: Lying down (controlled)
1788726024.0626938,11785,Person A,1540.8,3040.9,160.0,3400.2,26.84,True,Active,Zoya_dif,None,Normal,5: Lying down (controlled)
1788726024.1408138,11786,Person A,1540.7,3039.3,320.0,3401.98,26.78,True,Active,Zoya_dif,None,Normal,5: Lying down (controlled)
1788726024.2189147,11787,Person A,1540.0,3038.0,0.0,3400.63,26.74,True,Active,Zoya_dif,None,Normal,5: Lying down (controlled)
1788726024.3439248,11788,Person A,1539.4,3036.7,160.0,3400.64,26.81,True,Active,Zoya_dif,None,Normal,5: Lying down (controlled)
1788726024.43765,11789,Person A,1538.9,3035.5,160.0,3399.34,26.92,True,Active,Zoya_dif,None,Normal,5: Lying down (controlled)
1788726024.5313973,11790,Person A,1538.3,3034.3,160.0,3398.48,27.0,True,Active,Zoya_dif,None,Normal,5: Lying down (controlled)
1788726024.6095328,11791,Person A,1538.2,3032.6,0.0,3394.97,27.15,True,Active,Zoya_dif,None,Normal,5: Lying down (controlled)
1788726024.6876376,11792,Person A,1539.4,3030.7,160.0,3394.62,27.28,True,Active,Zoya_dif,None,Normal,5: Lying down (controlled)
1788726024.7657719,11793,Person A,1541.4,3028.7,160.0,3393.33,27.35,True,Active,Zoya_dif,None,Normal,5: Lying down (controlled)
1788726024.8751197,11794,Person A,1543.3,3026.7,-80.0,3390.6,27.3,True,Active,Zoya_dif,None,Normal,5: Lying down (controlled)
1788726025.000117,11795,Person A,1545.0,3024.6,160.0,3389.23,27.25,True,Active,Zoya_dif,None,Normal,5: Lying down (controlled)
1788726025.1563554,11796,Person A,1546.1,3022.4,-80.0,3387.35,27.12,True,Active,Zoya_dif,None,Normal,5: Lying down (controlled)
1788726025.218847,11797,Person A,1547.2,3020.5,160.0,3388.66,27.05,True,Active,Zoya_dif,None,Normal,5: Lying down (controlled)
1788726025.2969863,11798,Person A,1547.3,3019.3,320.0,3390.39,26.92,True,Active,Zoya_dif,None,Normal,5: Lying down (controlled)
1788726025.4063344,11799,Person A,1546.4,3018.8,0.0,3390.81,26.82,True,Active,Zoya_dif,None,Normal,5: Lying down (controlled)
1788726025.4844532,11800,Person A,1545.1,3018.7,160.0,3391.7,26.81,True,Active,Zoya_dif,None,Normal,5: Lying down (controlled)
1788726025.5625927,11801,Person A,1542.9,3019.3,160.0,3390.35,26.77,True,Active,Zoya_dif,None,Normal,5: Lying down (controlled)
1788726025.6407137,11802,Person A,1540.1,3020.2,160.0,3389.91,26.79,True,Active,Zoya_dif,None,Normal,5: Lying down (controlled)
1788726025.7188342,11803,Person A,1536.8,3021.2,0.0,3387.22,26.78,True,Active,Zoya_dif,None,Normal,5: Lying down (controlled)
1788726025.8438246,11804,Person A,1533.9,3022.3,160.0,3387.22,26.78,True,Active,Zoya_dif,None,Normal,5: Lying down (controlled)
1788726025.953173,11805,Person A,1531.2,3023.3,160.0,3385.88,26.77,True,Active,Zoya_dif,None,Normal,5: Lying down (controlled)
1788726026.0312924,11806,Person A,1529.3,3024.0,160.0,3384.98,26.78,True,Active,Zoya_dif,None,Normal,5: Lying down (controlled)
1788726026.093788,11807,Person A,1527.7,3024.6,160.0,3386.77,26.76,True,Active,Zoya_dif,None,Normal,5: Lying down (controlled)
1788726026.1875322,11808,Person A,1526.5,3025.0,240.0,3388.55,26.71,True,Active,Zoya_dif,None,Normal,5: Lying down (controlled)
1788726026.2656512,11809,Person A,1525.8,3025.4,160.0,3391.23,26.69,True,Active,Zoya_dif,None,Normal,5: Lying down (controlled)
1788726026.3750386,11810,Person A,1524.9,3025.8,320.0,3391.22,26.65,True,Active,Zoya_dif,None,Normal,5: Lying down (controlled)
1788726026.4531395,11811,Person A,1524.3,3026.5,160.0,3393.91,26.63,True,Active,Zoya_dif,None,Normal,5: Lying down (controlled)
1788726026.5156348,11812,Person A,1523.8,3027.6,160.0,3397.48,26.63,True,Active,Zoya_dif,None,Normal,5: Lying down (controlled)
1788726026.5937736,11813,Person A,1523.7,3028.8,240.0,3397.49,26.67,True,Active,Zoya_dif,None,Normal,5: Lying down (controlled)
1788726026.6875181,11814,Person A,1523.7,3030.0,160.0,3397.94,26.69,True,Active,Zoya_dif,None,Normal,5: Lying down (controlled)
1788726026.7812443,11815,Person A,1523.5,3031.6,320.0,3399.27,26.62,True,Active,Zoya_dif,None,Normal,5: Lying down (controlled)
1788726026.8593824,11816,Person A,1523.2,3033.8,160.0,3403.3,26.57,True,Active,Zoya_dif,None,Normal,5: Lying down (controlled)
1788726026.9375005,11817,Person A,1523.0,3035.9,240.0,3404.64,26.57,True,Active,Zoya_dif,None,Normal,5: Lying down (controlled)
1788726026.9999974,11818,Person A,1523.1,3037.4,160.0,3402.4,26.61,True,Active,Zoya_dif,None,Normal,5: Lying down (controlled)
1788726027.1093476,11819,Person A,1523.3,3038.4,160.0,3401.06,26.64,True,Active,Zoya_dif,None,Normal,5: Lying down (controlled)
1788726027.1874676,11820,Person A,1523.6,3039.5,240.0,3402.4,26.61,True,Active,Zoya_dif,None,Normal,5: Lying down (controlled)
1788726027.2812283,11821,Person A,1524.0,3040.5,160.0,3404.64,26.61,True,Active,Zoya_dif,None,Normal,5: Lying down (controlled)
1788726027.359347,11822,Person A,1523.9,3041.1,240.0,3402.4,26.57,True,Active,Zoya_dif,None,Normal,5: Lying down (controlled)
1788726027.4374485,11823,Person A,1523.5,3041.9,160.0,3402.85,26.55,True,Active,Zoya_dif,None,Normal,5: Lying down (controlled)
1788726027.5780618,11824,Person A,1523.5,3042.7,160.0,3405.09,26.63,True,Active,Zoya_dif,None,Normal,5: Lying down (controlled)
1788726027.6718266,11825,Person A,1524.2,3042.9,80.0,3404.2,26.71,True,Active,Zoya_dif,None,Normal,5: Lying down (controlled)
1788726027.7499273,11826,Person A,1525.3,3042.5,160.0,3404.66,26.76,True,Active,Zoya_dif,None,Normal,5: Lying down (controlled)
1788726027.8280468,11827,Person A,1526.3,3041.7,80.0,3401.98,26.78,True,Active,Zoya_dif,None,Normal,5: Lying down (controlled)
1788726027.9061668,11828,Person A,1527.2,3041.2,160.0,3401.98,26.78,True,Active,Zoya_dif,None,Normal,5: Lying down (controlled)
1788726027.999909,11829,Person A,1528.3,3040.9,160.0,3403.33,26.83,True,Active,Zoya_dif,None,Normal,5: Lying down (controlled)
1788726028.093656,11830,Person A,1529.5,3040.3,160.0,3402.44,26.84,True,Active,Zoya_dif,None,Normal,5: Lying down (controlled)
1788726028.1717758,11831,Person A,1530.6,3039.5,160.0,3402.44,26.84,True,Active,Zoya_dif,None,Normal,5: Lying down (controlled)
1788726028.2655203,11832,Person A,1531.8,3039.2,240.0,3405.11,26.78,True,Active,Zoya_dif,None,Normal,5: Lying down (controlled)
1788726028.3436363,11833,Person A,1533.1,3038.9,240.0,3406.0,26.77,True,Active,Zoya_dif,None,Normal,5: Lying down (controlled)
1788726028.4530032,11834,Person A,1534.0,3038.4,240.0,3404.67,26.8,True,Active,Zoya_dif,None,Normal,5: Lying down (controlled)
1788726028.515499,11835,Person A,1534.3,3037.7,-80.0,3399.3,26.81,True,Active,Zoya_dif,None,Normal,5: Lying down (controlled)
1788726028.6092634,11836,Person A,1534.4,3036.5,160.0,3394.4,26.87,True,Active,Zoya_dif,None,Normal,5: Lying down (controlled)
1788726028.6873844,11837,Person A,1534.5,3035.2,240.0,3390.83,26.9,True,Active,Zoya_dif,None,Normal,5: Lying down (controlled)
1788726028.7655022,11838,Person A,1534.5,3033.7,240.0,3388.59,26.9,True,Active,Zoya_dif,None,Normal,5: Lying down (controlled)
1788726028.8592257,11839,Person A,1534.1,3032.1,80.0,3387.25,26.89,True,Active,Zoya_dif,None,Normal,5: Lying down (controlled)
1788726028.95297,11840,Person A,1533.8,3030.2,-80.0,3384.14,26.94,True,Active,Zoya_dif,None,Normal,5: Lying down (controlled)
1788726029.0467339,11841,Person A,1533.6,3028.2,160.0,3383.7,26.96,True,Active,Zoya_dif,None,Normal,5: Lying down (controlled)
1788726029.124854,11842,Person A,1533.6,3025.7,160.0,3382.81,26.97,True,Active,Zoya_dif,None,Normal,5: Lying down (controlled)
1788726029.2029543,11843,Person A,1533.8,3023.0,160.0,3382.82,27.0,True,Active,Zoya_dif,None,Normal,5: Lying down (controlled)
1788726029.3591976,11844,Person A,1533.7,3020.4,-80.0,3381.02,26.98,True,Active,Zoya_dif,None,Normal,5: Lying down (controlled)
1788726029.4685633,11845,Person A,1533.7,3018.7,160.0,3384.14,26.94,True,Active,Zoya_dif,None,Normal,5: Lying down (controlled)
1788726029.546701,11846,Person A,1533.5,3017.7,240.0,3384.58,26.91,True,Active,Zoya_dif,None,Normal,5: Lying down (controlled)
1788726029.6248205,11847,Person A,1533.6,3016.9,160.0,3384.15,26.97,True,Active,Zoya_dif,None,Normal,5: Lying down (controlled)
1788726029.70294,11848,Person A,1534.2,3016.1,160.0,3384.19,27.05,True,Active,Zoya_dif,None,Normal,5: Lying down (controlled)
1788726029.7966666,11849,Person A,1535.2,3015.5,240.0,3386.44,27.09,True,Active,Zoya_dif,None,Normal,5: Lying down (controlled)
1788726029.8904083,11850,Person A,1536.2,3015.5,160.0,3388.68,27.09,True,Active,Zoya_dif,None,Normal,5: Lying down (controlled)
1788726029.952922,11851,Person A,1537.0,3015.8,320.0,3390.0,27.06,True,Active,Zoya_dif,None,Normal,5: Lying down (controlled)
1788726030.0466466,11852,Person A,1537.4,3016.0,-80.0,3386.4,27.01,True,Active,Zoya_dif,None,Normal,5: Lying down (controlled)
1788726030.1091425,11853,Person A,1537.5,3016.0,160.0,3383.28,27.02,True,Active,Zoya_dif,None,Normal,5: Lying down (controlled)
1788726030.2028892,11854,Person A,1537.8,3015.8,160.0,3380.6,27.04,True,Active,Zoya_dif,None,Normal,5: Lying down (controlled)
1788726030.3122578,11855,Person A,1538.2,3015.1,160.0,3379.71,27.05,True,Active,Zoya_dif,None,Normal,5: Lying down (controlled)
1788726030.3903928,11856,Person A,1538.6,3014.8,320.0,3383.71,27.0,True,Active,Zoya_dif,None,Normal,5: Lying down (controlled)
1788726030.4528904,11857,Person A,1538.6,3015.3,160.0,3388.61,26.94,True,Active,Zoya_dif,None,Normal,5: Lying down (controlled)
1788726030.5466132,11858,Person A,1538.1,3016.2,240.0,3389.94,26.91,True,Active,Zoya_dif,None,Normal,5: Lying down (controlled)
1788726030.6716237,11859,Person A,1537.5,3016.9,160.0,3389.95,26.94,True,Active,Zoya_dif,None,Normal,5: Lying down (controlled)
1788726030.7497277,11860,Person A,1536.9,3017.2,160.0,3388.62,26.97,True,Active,Zoya_dif,None,Normal,5: Lying down (controlled)
1788726030.8278441,11861,Person A,1536.5,3017.5,240.0,3390.86,26.97,True,Active,Zoya_dif,None,Normal,5: Lying down (controlled)
1788726030.9372485,11862,Person A,1536.5,3018.3,160.0,3393.53,26.95,True,Active,Zoya_dif,None,Normal,5: Lying down (controlled)
1788726031.030959,11863,Person A,1536.7,3019.4,320.0,3393.99,26.97,True,Active,Zoya_dif,None,Normal,5: Lying down (controlled)
1788726031.126946,11864,Person A,1537.1,3020.6,80.0,3393.11,27.01,True,Active,Zoya_dif,None,Normal,5: Lying down (controlled)
1788726031.2287588,11865,Person A,1537.4,3021.8,-80.0,3391.77,27.0,True,Active,Zoya_dif,None,Normal,5: Lying down (controlled)
1788726031.3068604,11866,Person A,1537.6,3022.3,80.0,3389.08,26.99,True,Active,Zoya_dif,None,Normal,5: Lying down (controlled)
1788726031.3849792,11867,Person A,1537.8,3021.9,160.0,3385.95,27.0,True,Active,Zoya_dif,None,Normal,5: Lying down (controlled)
1788726031.4631212,11868,Person A,1537.9,3020.9,80.0,3381.48,27.0,True,Active,Zoya_dif,None,Normal,5: Lying down (controlled)
1788726031.5412178,11869,Person A,1537.3,3019.9,-80.0,3378.32,26.93,True,Active,Zoya_dif,None,Normal,5: Lying down (controlled)
1788726031.6349814,11870,Person A,1536.4,3018.9,160.0,3375.63,26.91,True,Active,Zoya_dif,None,Normal,5: Lying down (controlled)
1788726031.7130852,11871,Person A,1535.3,3017.6,160.0,3374.29,26.91,True,Active,Zoya_dif,None,Normal,5: Lying down (controlled)
1788726031.7912216,11872,Person A,1534.1,3015.9,160.0,3372.94,26.9,True,Active,Zoya_dif,None,Normal,5: Lying down (controlled)
1788726031.8849647,11873,Person A,1532.7,3014.6,240.0,3376.06,26.85,True,Active,Zoya_dif,None,Normal,5: Lying down (controlled)
1788726031.978709,11874,Person A,1531.2,3014.1,160.0,3381.86,26.82,True,Active,Zoya_dif,None,Normal,5: Lying down (controlled)
1788726032.0724354,11875,Person A,1529.8,3013.9,240.0,3383.65,26.81,True,Active,Zoya_dif,None,Normal,5: Lying down (controlled)
1788726032.1505725,11876,Person A,1528.7,3014.0,160.0,3384.99,26.81,True,Active,Zoya_dif,None,Normal,5: Lying down (controlled)
1788726032.2286913,11877,Person A,1527.6,3014.5,160.0,3385.43,26.79,True,Active,Zoya_dif,None,Normal,5: Lying down (controlled)
1788726032.3224354,11878,Person A,1526.7,3015.5,240.0,3386.33,26.78,True,Active,Zoya_dif,None,Normal,5: Lying down (controlled)
1788726032.431804,11879,Person A,1526.2,3016.7,160.0,3386.77,26.76,True,Active,Zoya_dif,None,Normal,5: Lying down (controlled)
1788726032.5255303,11880,Person A,1525.7,3018.2,320.0,3386.76,26.72,True,Active,Zoya_dif,None,Normal,5: Lying down (controlled)
1788726032.6036665,11881,Person A,1525.0,3019.5,-80.0,3382.73,26.7,True,Active,Zoya_dif,None,Normal,5: Lying down (controlled)
1788726032.6817703,11882,Person A,1524.3,3020.6,160.0,3379.6,26.71,True,Active,Zoya_dif,None,Normal,5: Lying down (controlled)
1788726032.7598872,11883,Person A,1523.7,3020.9,240.0,3376.03,26.74,True,Active,Zoya_dif,None,Normal,5: Lying down (controlled)
1788726032.869257,11884,Person A,1523.1,3020.3,160.0,3373.8,26.78,True,Active,Zoya_dif,None,Normal,5: Lying down (controlled)
1788726032.9786415,11885,Person A,1522.4,3019.7,320.0,3375.14,26.75,True,Active,Zoya_dif,None,Normal,5: Lying down (controlled)
1788726033.056742,11886,Person A,1521.5,3019.6,240.0,3380.05,26.69,True,Active,Zoya_dif,None,Normal,5: Lying down (controlled)
1788726033.1348817,11887,Person A,1520.6,3019.9,240.0,3384.07,26.63,True,Active,Zoya_dif,None,Normal,5: Lying down (controlled)
1788726033.2130003,11888,Person A,1519.6,3020.0,160.0,3382.73,26.63,True,Active,Zoya_dif,None,Normal,5: Lying down (controlled)
1788726033.3067243,11889,Person A,1519.1,3019.7,160.0,3381.84,26.71,True,Active,Zoya_dif,None,Normal,5: Lying down (controlled)
1788726033.4160972,11890,Person A,1518.9,3018.9,0.0,3378.72,26.75,True,Active,Zoya_dif,None,Normal,5: Lying down (controlled)
1788726033.478588,11891,Person A,1519.4,3018.3,160.0,3379.63,26.82,True,Active,Zoya_dif,None,Normal,5: Lying down (controlled)
1788726033.572351,11892,Person A,1520.1,3017.8,320.0,3378.29,26.85,True,Active,Zoya_dif,None,Normal,5: Lying down (controlled)
1788726033.6504705,11893,Person A,1520.4,3017.5,-80.0,3374.7,26.81,True,Active,Zoya_dif,None,Normal,5: Lying down (controlled)
1788726033.8066933,11894,Person A,1520.3,3017.6,160.0,3374.25,26.75,True,Active,Zoya_dif,None,Normal,5: Lying down (controlled)
1788726033.916059,11895,Person A,1520.4,3017.2,80.0,3372.02,26.79,True,Active,Zoya_dif,None,Normal,5: Lying down (controlled)
1788726034.0098073,11896,Person A,1520.7,3016.3,160.0,3373.36,26.8,True,Active,Zoya_dif,None,Normal,5: Lying down (controlled)
1788726034.103547,11897,Person A,1520.9,3015.2,320.0,3375.14,26.75,True,Active,Zoya_dif,None,Normal,5: Lying down (controlled)
1788726034.1972938,11898,Person A,1521.2,3014.3,0.0,3376.03,26.74,True,Active,Zoya_dif,None,Normal,5: Lying down (controlled)
1788726034.291033,11899,Person A,1521.0,3014.0,240.0,3378.26,26.7,True,Active,Zoya_dif,None,Normal,5: Lying down (controlled)
1788726034.3847764,11900,Person A,1520.4,3014.3,160.0,3378.7,26.64,True,Active,Zoya_dif,None,Normal,5: Lying down (controlled)
1788726034.4629166,11901,Person A,1518.9,3014.8,240.0,3377.36,26.56,True,Active,Zoya_dif,None,Normal,5: Lying down (controlled)
1788726034.5254123,11902,Person A,1517.0,3015.8,80.0,3378.7,26.49,True,Active,Zoya_dif,None,Normal,5: Lying down (controlled)
1788726034.6191406,11903,Person A,1515.1,3017.4,240.0,3380.5,26.4,True,Active,Zoya_dif,None,Normal,5: Lying down (controlled)
1788726034.6972594,11904,Person A,1513.3,3019.2,160.0,3382.3,26.35,True,Active,Zoya_dif,None,Normal,5: Lying down (controlled)
1788726034.7909987,11905,Person A,1511.5,3021.1,160.0,3380.95,26.38,True,Active,Zoya_dif,None,Normal,5: Lying down (controlled)
1788726034.8691227,11906,Person A,1509.5,3022.7,-80.0,3378.72,26.38,True,Active,Zoya_dif,None,Normal,5: Lying down (controlled)
1788726034.947239,11907,Person A,1507.4,3024.2,240.0,3379.18,26.31,True,Active,Zoya_dif,None,Normal,5: Lying down (controlled)
1788726035.025359,11908,Person A,1505.4,3025.7,160.0,3380.52,26.32,True,Active,Zoya_dif,None,Normal,5: Lying down (controlled)
1788726035.1347456,11909,Person A,1503.5,3026.8,320.0,3379.62,26.33,True,Active,Zoya_dif,None,Normal,5: Lying down (controlled)
1788726035.2441137,11910,Person A,1501.8,3027.3,-80.0,3375.59,26.34,True,Active,Zoya_dif,None,Normal,5: Lying down (controlled)
1788726035.3222167,11911,Person A,1500.3,3027.2,0.0,3369.78,26.34,True,Active,Zoya_dif,None,Normal,5: Lying down (controlled)
1788726035.384729,11912,Person A,1499.1,3026.6,240.0,3367.99,26.35,True,Active,Zoya_dif,None,Normal,5: Lying down (controlled)
1788726035.4784546,11913,Person A,1498.3,3025.5,160.0,3367.09,26.36,True,Active,Zoya_dif,None,Normal,5: Lying down (controlled)
1788726035.5409517,11914,Person A,1497.7,3024.3,320.0,3368.88,26.34,True,Active,Zoya_dif,None,Normal,5: Lying down (controlled)
1788726035.634695,11915,Person A,1497.1,3023.4,0.0,3370.22,26.35,True,Active,Zoya_dif,None,Normal,5: Lying down (controlled)
1788726035.7284565,11916,Person A,1496.5,3023.0,240.0,3372.47,26.31,True,Active,Zoya_dif,None,Normal,5: Lying down (controlled)
1788726035.8065565,11917,Person A,1496.0,3022.3,240.0,3370.69,26.29,True,Active,Zoya_dif,None,Normal,5: Lying down (controlled)
1788726035.9159431,11918,Person A,1495.5,3021.2,160.0,3368.44,26.33,True,Active,Zoya_dif,None,Normal,5: Lying down (controlled)
1788726036.025294,11919,Person A,1495.3,3020.1,80.0,3368.88,26.38,True,Active,Zoya_dif,None,Normal,5: Lying down (controlled)
1788726036.1503026,11920,Person A,1495.2,3019.5,240.0,3369.77,26.37,True,Active,Zoya_dif,None,Normal,5: Lying down (controlled)
1788726036.2284229,11921,Person A,1495.6,3019.3,240.0,3369.77,26.41,True,Active,Zoya_dif,None,Normal,5: Lying down (controlled)
1788726036.3221674,11922,Person A,1495.9,3019.1,320.0,3367.53,26.41,True,Active,Zoya_dif,None,Normal,5: Lying down (controlled)
1788726036.384662,11923,Person A,1495.8,3019.1,320.0,3366.65,26.34,True,Active,Zoya_dif,None,Normal,5: Lying down (controlled)
1788726036.4783885,11924,Person A,1495.5,3019.4,240.0,3370.24,26.28,True,Active,Zoya_dif,None,Normal,5: Lying down (controlled)
1788726036.5877724,11925,Person A,1495.1,3019.9,160.0,3372.93,26.25,True,Active,Zoya_dif,None,Normal,5: Lying down (controlled)
1788726036.6502523,11926,Person A,1494.9,3020.2,320.0,3374.27,26.26,True,Active,Zoya_dif,None,Normal,5: Lying down (controlled)
1788726036.72837,11927,Person A,1494.8,3020.2,-80.0,3370.24,26.28,True,Active,Zoya_dif,None,Normal,5: Lying down (controlled)
1788726036.9158762,11928,Person A,1494.2,3020.2,-80.0,3365.78,26.24,True,Active,Zoya_dif,None,Normal,5: Lying down (controlled)
1788726037.02523,11929,Person A,1493.3,3020.1,240.0,3363.99,26.25,True,Active,Zoya_dif,None,Normal,5: Lying down (controlled)
1788726037.1033437,11930,Person A,1492.4,3019.6,160.0,3361.3,26.28,True,Active,Zoya_dif,None,Normal,5: Lying down (controlled)
1788726037.1814635,11931,Person A,1491.5,3019.3,320.0,3363.08,26.3,True,Active,Zoya_dif,None,Normal,5: Lying down (controlled)
1788726037.259584,11932,Person A,1491.1,3018.9,0.0,3362.17,26.38,True,Active,Zoya_dif,None,Normal,5: Lying down (controlled)
1788726037.3377237,11933,Person A,1491.7,3018.2,160.0,3363.05,26.49,True,Active,Zoya_dif,None,Normal,5: Lying down (controlled)
1788726037.4158254,11934,Person A,1492.7,3016.8,240.0,3362.15,26.53,True,Active,Zoya_dif,None,Normal,5: Lying down (controlled)
1788726037.493942,11935,Person A,1493.7,3015.0,160.0,3361.26,26.54,True,Active,Zoya_dif,None,Normal,5: Lying down (controlled)
1788726037.587706,11936,Person A,1494.1,3013.2,-80.0,3359.92,26.46,True,Active,Zoya_dif,None,Normal,5: Lying down (controlled)
1788726037.6814492,11937,Person A,1494.2,3012.2,160.0,3361.72,26.37,True,Active,Zoya_dif,None,Normal,5: Lying down (controlled)
1788726037.759551,11938,Person A,1494.8,3011.4,160.0,3361.27,26.39,True,Active,Zoya_dif,None,Normal,5: Lying down (controlled)
1788726037.8532963,11939,Person A,1495.5,3010.7,160.0,3360.82,26.41,True,Active,Zoya_dif,None,Normal,5: Lying down (controlled)
1788726037.9314163,11940,Person A,1496.2,3010.5,160.0,3362.61,26.4,True,Active,Zoya_dif,None,Normal,5: Lying down (controlled)
1788726038.0095375,11941,Person A,1496.4,3010.9,240.0,3367.55,26.3,True,Active,Zoya_dif,None,Normal,5: Lying down (controlled)
1788726038.0876527,11942,Person A,1496.2,3012.3,160.0,3373.83,26.25,True,Active,Zoya_dif,None,Normal,5: Lying down (controlled)
1788726038.275142,11943,Person A,1495.3,3014.0,240.0,3374.29,26.22,True,Active,Zoya_dif,None,Normal,5: Lying down (controlled)
1788726038.3688831,11944,Person A,1494.7,3015.8,160.0,3375.6,26.31,True,Active,Zoya_dif,None,Normal,5: Lying down (controlled)
1788726038.4313824,11945,Person A,1494.3,3017.5,0.0,3374.7,26.35,True,Active,Zoya_dif,None,Normal,5: Lying down (controlled)
1788726038.5251231,11946,Person A,1494.7,3019.2,240.0,3376.93,26.39,True,Active,Zoya_dif,None,Normal,5: Lying down (controlled)
1788726038.603246,11947,Person A,1495.3,3020.6,160.0,3376.93,26.35,True,Active,Zoya_dif,None,Normal,5: Lying down (controlled)
1788726038.6813674,11948,Person A,1495.5,3022.2,320.0,3376.5,26.3,True,Active,Zoya_dif,None,Normal,5: Lying down (controlled)
1788726038.775109,11949,Person A,1495.1,3024.2,160.0,3376.98,26.2,True,Active,Zoya_dif,None,Normal,5: Lying down (controlled)
1788726038.8532293,11950,Person A,1494.4,3026.3,160.0,3378.35,26.13,True,Active,Zoya_dif,None,Normal,5: Lying down (controlled)
1788726038.9313486,11951,Person A,1493.9,3027.5,240.0,3376.11,26.13,True,Active,Zoya_dif,None,Normal,5: Lying down (controlled)
1788726039.0094657,11952,Person A,1493.7,3027.8,160.0,3375.64,26.19,True,Active,Zoya_dif,None,Normal,5: Lying down (controlled)
1788726039.0719612,11953,Person A,1493.8,3027.8,80.0,3374.73,26.24,True,Active,Zoya_dif,None,Normal,5: Lying down (controlled)
1788726039.1657076,11954,Person A,1494.0,3028.1,160.0,3379.18,26.31,True,Active,Zoya_dif,None,Normal,5: Lying down (controlled)
1788726039.243825,11955,Person A,1494.3,3028.6,160.0,3380.51,26.36,True,Active,Zoya_dif,None,Normal,5: Lying down (controlled)
1788726039.337587,11956,Person A,1494.4,3029.0,160.0,3380.95,26.38,True,Active,Zoya_dif,None,Normal,5: Lying down (controlled)
1788726039.4000835,11957,Person A,1494.8,3029.5,160.0,3383.19,26.38,True,Active,Zoya_dif,None,Normal,5: Lying down (controlled)
1788726039.493827,11958,Person A,1495.6,3029.9,0.0,3383.63,26.39,True,Active,Zoya_dif,None,Normal,5: Lying down (controlled)
1788726039.5719473,11959,Person A,1497.3,3030.0,160.0,3385.41,26.45,True,Active,Zoya_dif,None,Normal,5: Lying down (controlled)
1788726039.6656709,11960,Person A,1499.3,3029.7,240.0,3384.52,26.46,True,Active,Zoya_dif,None,Normal,5: Lying down (controlled)
1788726039.7438116,11961,Person A,1501.4,3029.6,160.0,3384.52,26.46,True,Active,Zoya_dif,None,Normal,5: Lying down (controlled)
1788726039.8219109,11962,Person A,1503.1,3030.1,160.0,3387.65,26.41,True,Active,Zoya_dif,None,Normal,5: Lying down (controlled)
1788726039.9000304,11963,Person A,1504.4,3031.4,240.0,3392.14,26.34,True,Active,Zoya_dif,None,Normal,5: Lying down (controlled)
1788726040.040666,11964,Person A,1505.0,3032.8,160.0,3394.39,26.3,True,Active,Zoya_dif,None,Normal,5: Lying down (controlled)
1788726040.1187851,11965,Person A,1505.1,3034.2,320.0,3393.5,26.27,True,Active,Zoya_dif,None,Normal,5: Lying down (controlled)
1788726040.196889,11966,Person A,1505.0,3035.9,160.0,3395.75,26.23,True,Active,Zoya_dif,None,Normal,5: Lying down (controlled)
1788726040.2750084,11967,Person A,1505.2,3037.7,160.0,3400.21,26.27,True,Active,Zoya_dif,None,Normal,5: Lying down (controlled)
1788726040.3531444,11968,Person A,1505.6,3039.4,160.0,3400.64,26.32,True,Active,Zoya_dif,None,Normal,5: Lying down (controlled)
1788726040.4468718,11969,Person A,1505.7,3041.1,160.0,3401.09,26.34,True,Active,Zoya_dif,None,Normal,5: Lying down (controlled)
1788726040.5406146,11970,Person A,1505.4,3042.9,-80.0,3399.31,26.28,True,Active,Zoya_dif,None,Normal,5: Lying down (controlled)
1788726040.618751,11971,Person A,1504.8,3044.9,160.0,3399.78,26.22,True,Active,Zoya_dif,None,Normal,5: Lying down (controlled)
1788726040.712495,11972,Person A,1504.5,3046.5,160.0,3400.66,26.25,True,Active,Zoya_dif,None,Normal,5: Lying down (controlled)
1788726040.8062384,11973,Person A,1504.4,3047.4,160.0,3399.77,26.26,True,Active,Zoya_dif,None,Normal,5: Lying down (controlled)
1788726040.9312143,11974,Person A,1504.5,3048.1,160.0,3401.11,26.26,True,Active,Zoya_dif,None,Normal,5: Lying down (controlled)
1788726041.0093358,11975,Person A,1504.8,3048.5,0.0,3398.42,26.29,True,Active,Zoya_dif,None,Normal,5: Lying down (controlled)
1788726041.0874696,11976,Person A,1505.4,3048.6,160.0,3399.3,26.32,True,Active,Zoya_dif,None,Normal,5: Lying down (controlled)
1788726041.1655703,11977,Person A,1505.6,3048.3,240.0,3398.41,26.32,True,Active,Zoya_dif,None,Normal,5: Lying down (controlled)
1788726041.259314,11978,Person A,1505.4,3048.1,160.0,3397.96,26.31,True,Active,Zoya_dif,None,Normal,5: Lying down (controlled)
1788726041.3686812,11979,Person A,1505.2,3048.1,160.0,3400.2,26.31,True,Active,Zoya_dif,None,Normal,5: Lying down (controlled)
1788726041.4624257,11980,Person A,1505.4,3048.4,240.0,3402.89,26.29,True,Active,Zoya_dif,None,Normal,5: Lying down (controlled)
1788726041.5249403,11981,Person A,1506.1,3048.6,160.0,3404.67,26.31,True,Active,Zoya_dif,None,Normal,5: Lying down (controlled)
1788726041.6186647,11982,Person A,1506.4,3048.7,320.0,3402.89,26.29,True,Active,Zoya_dif,None,Normal,5: Lying down (controlled)
1788726041.6811805,11983,Person A,1506.6,3049.3,160.0,3406.03,26.24,True,Active,Zoya_dif,None,Normal,5: Lying down (controlled)
1788726041.7749074,11984,Person A,1507.0,3050.0,160.0,3409.15,26.27,True,Active,Zoya_dif,None,Normal,5: Lying down (controlled)
1788726041.8999155,11985,Person A,1507.4,3050.9,240.0,3408.26,26.28,True,Active,Zoya_dif,None,Normal,5: Lying down (controlled)
1788726042.0561354,11986,Person A,1507.7,3051.6,160.0,3406.91,26.31,True,Active,Zoya_dif,None,Normal,5: Lying down (controlled)
1788726042.1186311,11987,Person A,1507.8,3052.6,320.0,3407.81,26.26,True,Active,Zoya_dif,None,Normal,5: Lying down (controlled)
1788726042.1967509,11988,Person A,1508.2,3053.9,160.0,3411.39,26.27,True,Active,Zoya_dif,None,Normal,5: Lying down (controlled)
1788726042.3061378,11989,Person A,1508.8,3054.9,160.0,3411.82,26.32,True,Active,Zoya_dif,None,Normal,5: Lying down (controlled)
1788726042.399882,11990,Person A,1509.6,3055.4,160.0,3410.92,26.37,True,Active,Zoya_dif,None,Normal,5: Lying down (controlled)
1788726042.5404794,11991,Person A,1510.3,3055.7,160.0,3410.47,26.39,True,Active,Zoya_dif,None,Normal,5: Lying down (controlled)
1788726042.6342268,11992,Person A,1511.1,3056.3,240.0,3411.81,26.36,True,Active,Zoya_dif,None,Normal,5: Lying down (controlled)
1788726042.7123604,11993,Person A,1511.8,3056.8,160.0,3413.62,26.31,True,Active,Zoya_dif,None,Normal,5: Lying down (controlled)
1788726042.8217115,11994,Person A,1512.0,3057.1,240.0,3412.73,26.28,True,Active,Zoya_dif,None,Normal,5: Lying down (controlled)
1788726042.899828,11995,Person A,1512.2,3057.3,160.0,3410.94,26.29,True,Active,Zoya_dif,None,Normal,5: Lying down (controlled)
1788726042.9779673,11996,Person A,1512.4,3057.8,160.0,3412.28,26.3,True,Active,Zoya_dif,None,Normal,5: Lying down (controlled)
1788726043.0716915,11997,Person A,1512.7,3058.4,240.0,3414.52,26.26,True,Active,Zoya_dif,None,Normal,5: Lying down (controlled)
1788726043.134208,11998,Person A,1512.7,3058.8,160.0,3414.98,26.24,True,Active,Zoya_dif,None,Normal,5: Lying down (controlled)
1788726043.227937,11999,Person A,1512.3,3059.3,320.0,3414.54,26.23,True,Active,Zoya_dif,None,Normal,5: Lying down (controlled)
1788726043.3060534,12000,Person A,1511.8,3060.2,160.0,3416.77,26.23,True,Active,Zoya_dif,None,Normal,5: Lying down (controlled)
1788726043.399814,12001,Person A,1511.8,3061.2,160.0,3419.43,26.32,True,Active,Zoya_dif,None,Normal,5: Lying down (controlled)
1788726043.477934,12002,Person A,1512.2,3061.9,240.0,3419.86,26.37,True,Active,Zoya_dif,None,Normal,5: Lying down (controlled)
1788726043.5560343,12003,Person A,1513.1,3062.0,160.0,3418.51,26.44,True,Active,Zoya_dif,None,Normal,5: Lying down (controlled)
1788726043.634154,12004,Person A,1514.0,3061.7,-80.0,3414.04,26.44,True,Active,Zoya_dif,None,Normal,5: Lying down (controlled)
1788726043.7435238,12005,Person A,1515.0,3061.6,160.0,3414.48,26.45,True,Active,Zoya_dif,None,Normal,5: Lying down (controlled)
1788726043.8060205,12006,Person A,1516.0,3061.3,160.0,3414.03,26.47,True,Active,Zoya_dif,None,Normal,5: Lying down (controlled)
1788726043.8841565,12007,Person A,1517.2,3060.6,160.0,3413.58,26.5,True,Active,Zoya_dif,None,Normal,5: Lying down (controlled)
1788726043.962276,12008,Person A,1518.5,3059.7,160.0,3412.69,26.5,True,Active,Zoya_dif,None,Normal,5: Lying down (controlled)
1788726044.0716293,12009,Person A,1519.6,3058.6,0.0,3409.56,26.47,True,Active,Zoya_dif,None,Normal,5: Lying down (controlled)
1788726044.1341236,12010,Person A,1520.4,3057.3,160.0,3408.67,26.44,True,Active,Zoya_dif,None,Normal,5: Lying down (controlled)
1788726044.2122447,12011,Person A,1520.4,3055.9,240.0,3406.88,26.42,True,Active,Zoya_dif,None,Normal,5: Lying down (controlled)
1788726044.2903626,12012,Person A,1520.2,3054.5,160.0,3406.43,26.44,True,Active,Zoya_dif,None,Normal,5: Lying down (controlled)
1788726044.3684797,12013,Person A,1519.9,3053.4,160.0,3407.32,26.47,True,Active,Zoya_dif,None,Normal,5: Lying down (controlled)
1788726044.4622245,12014,Person A,1519.7,3052.8,240.0,3407.77,26.45,True,Active,Zoya_dif,None,Normal,5: Lying down (controlled)
1788726044.571591,12015,Person A,1519.4,3052.2,160.0,3407.77,26.45,True,Active,Zoya_dif,None,Normal,5: Lying down (controlled)
1788726044.634107,12016,Person A,1518.8,3051.8,320.0,3407.78,26.41,True,Active,Zoya_dif,None,Normal,5: Lying down (controlled)
1788726044.7122257,12017,Person A,1518.2,3051.6,160.0,3409.12,26.42,True,Active,Zoya_dif,None,Normal,5: Lying down (controlled)
1788726044.805951,12018,Person A,1518.1,3051.6,160.0,3412.24,26.49,True,Active,Zoya_dif,None,Normal,5: Lying down (controlled)
1788726044.899694,12019,Person A,1518.7,3051.6,160.0,3412.24,26.57,True,Active,Zoya_dif,None,Normal,5: Lying down (controlled)
1788726044.9934378,12020,Person A,1519.7,3051.5,160.0,3412.24,26.6,True,Active,Zoya_dif,None,Normal,5: Lying down (controlled)
1788726045.0715764,12021,Person A,1520.6,3051.6,320.0,3411.79,26.55,True,Active,Zoya_dif,None,Normal,5: Lying down (controlled)
1788726045.1653202,12022,Person A,1521.4,3052.1,160.0,3414.48,26.53,True,Active,Zoya_dif,None,Normal,5: Lying down (controlled)
1788726045.2278159,12023,Person A,1521.7,3052.6,-80.0,3413.14,26.48,True,Active,Zoya_dif,None,Normal,5: Lying down (controlled)
1788726045.352789,12024,Person A,1521.9,3052.9,160.0,3411.35,26.46,True,Active,Zoya_dif,None,Normal,5: Lying down (controlled)
1788726045.4465518,12025,Person A,1522.1,3053.1,160.0,3410.46,26.47,True,Active,Zoya_dif,None,Normal,5: Lying down (controlled)
1788726045.5246518,12026,Person A,1522.8,3052.8,0.0,3408.22,26.54,True,Active,Zoya_dif,None,Normal,5: Lying down (controlled)
1788726045.602791,12027,Person A,1523.7,3052.4,160.0,3409.56,26.59,True,Active,Zoya_dif,None,Normal,5: Lying down (controlled)
1788726045.6809113,12028,Person A,1524.2,3051.8,160.0,3409.11,26.61,True,Active,Zoya_dif,None,Normal,5: Lying down (controlled)
1788726045.7902775,12029,Person A,1524.3,3051.3,160.0,3408.22,26.62,True,Active,Zoya_dif,None,Normal,5: Lying down (controlled)
1788726045.8840032,12030,Person A,1524.2,3051.0,160.0,3409.11,26.61,True,Active,Zoya_dif,None,Normal,5: Lying down (controlled)
1788726045.9621418,12031,Person A,1524.1,3051.0,240.0,3411.35,26.54,True,Active,Zoya_dif,None,Normal,5: Lying down (controlled)
1788726046.0558848,12032,Person A,1523.8,3051.1,160.0,3414.03,26.47,True,Active,Zoya_dif,None,Normal,5: Lying down (controlled)
1788726046.133986,12033,Person A,1523.4,3051.3,320.0,3413.15,26.41,True,Active,Zoya_dif,None,Normal,5: Lying down (controlled)
1788726046.2121077,12034,Person A,1522.9,3051.3,-80.0,3409.13,26.38,True,Active,Zoya_dif,None,Normal,5: Lying down (controlled)
1788726046.3058686,12035,Person A,1522.5,3051.3,160.0,3408.67,26.41,True,Active,Zoya_dif,None,Normal,5: Lying down (controlled)
1788726046.3995955,12036,Person A,1521.8,3051.5,160.0,3406.88,26.42,True,Active,Zoya_dif,None,Normal,5: Lying down (controlled)
1788726046.4777315,12037,Person A,1520.8,3051.5,160.0,3405.09,26.44,True,Active,Zoya_dif,None,Normal,5: Lying down (controlled)
1788726046.5558515,12038,Person A,1519.5,3051.7,320.0,3405.1,26.4,True,Active,Zoya_dif,None,Normal,5: Lying down (controlled)
1788726046.6808238,12039,Person A,1518.5,3052.3,160.0,3409.12,26.42,True,Active,Zoya_dif,None,Normal,5: Lying down (controlled)
1788726046.7901955,12040,Person A,1517.6,3052.8,160.0,3409.56,26.44,True,Active,Zoya_dif,None,Normal,5: Lying down (controlled)
1788726046.9308114,12041,Person A,1517.1,3052.8,160.0,3409.11,26.46,True,Active,Zoya_dif,None,Normal,5: Lying down (controlled)
1788726047.0089266,12042,Person A,1516.9,3052.5,160.0,3410.46,26.47,True,Active,Zoya_dif,None,Normal,5: Lying down (controlled)
1788726047.0870464,12043,Person A,1517.1,3052.5,240.0,3414.04,26.44,True,Active,Zoya_dif,None,Normal,5: Lying down (controlled)
1788726047.1807919,12044,Person A,1517.7,3053.3,160.0,3418.96,26.42,True,Active,Zoya_dif,None,Normal,5: Lying down (controlled)
1788726047.2745373,12045,Person A,1518.3,3054.4,160.0,3421.2,26.42,True,Active,Zoya_dif,None,Normal,5: Lying down (controlled)
1788726047.3526533,12046,Person A,1518.5,3055.5,-80.0,3417.63,26.37,True,Active,Zoya_dif,None,Normal,5: Lying down (controlled)
1788726047.4307938,12047,Person A,1518.5,3056.5,160.0,3414.05,26.36,True,Active,Zoya_dif,None,Normal,5: Lying down (controlled)
1788726047.5088923,12048,Person A,1518.5,3057.1,240.0,3410.47,26.35,True,Active,Zoya_dif,None,Normal,5: Lying down (controlled)
1788726047.5870125,12049,Person A,1518.0,3057.5,160.0,3410.48,26.32,True,Active,Zoya_dif,None,Normal,5: Lying down (controlled)
1788726047.680777,12050,Person A,1516.7,3058.2,320.0,3410.08,26.19,True,Active,Zoya_dif,None,Normal,5: Lying down (controlled)
1788726047.7432525,12051,Person A,1514.7,3059.1,-80.0,3408.33,26.09,True,Active,Zoya_dif,None,Normal,5: Lying down (controlled)
1788726047.8213916,12052,Person A,1512.7,3059.8,160.0,3407.87,26.11,True,Active,Zoya_dif,None,Normal,5: Lying down (controlled)
1788726047.9151354,12053,Person A,1510.9,3059.9,160.0,3406.96,26.16,True,Active,Zoya_dif,None,Normal,5: Lying down (controlled)
1788726048.024484,12054,Person A,1509.4,3059.1,160.0,3405.14,26.25,True,Active,Zoya_dif,None,Normal,5: Lying down (controlled)
1788726048.1026053,12055,Person A,1507.9,3057.8,-80.0,3402.89,26.29,True,Active,Zoya_dif,None,Normal,5: Lying down (controlled)
1788726048.180723,12056,Person A,1507.1,3056.7,160.0,3404.22,26.33,True,Active,Zoya_dif,None,Normal,5: Lying down (controlled)
1788726048.274487,12057,Person A,1506.6,3055.8,160.0,3403.77,26.35,True,Active,Zoya_dif,None,Normal,5: Lying down (controlled)
1788726048.3526053,12058,Person A,1506.5,3055.1,160.0,3403.76,26.39,True,Active,Zoya_dif,None,Normal,5: Lying down (controlled)
1788726048.4307063,12059,Person A,1506.7,3054.3,160.0,3404.2,26.41,True,Active,Zoya_dif,None,Normal,5: Lying down (controlled)
1788726048.5556984,12060,Person A,1507.4,3053.7,240.0,3407.79,26.34,True,Active,Zoya_dif,None,Normal,5: Lying down (controlled)
1788726048.618194,12061,Person A,1508.7,3053.4,160.0,3411.38,26.31,True,Active,Zoya_dif,None,Normal,5: Lying down (controlled)
1788726048.6963134,12062,Person A,1509.9,3053.1,160.0,3410.48,26.32,True,Active,Zoya_dif,None,Normal,5: Lying down (controlled)
1788726048.7900567,12063,Person A,1510.9,3053.0,160.0,3410.48,26.32,True,Active,Zoya_dif,None,Normal,5: Lying down (controlled)
1788726048.8994436,12064,Person A,1511.7,3053.6,160.0,3414.06,26.32,True,Active,Zoya_dif,None,Normal,5: Lying down (controlled)
1788726048.9775467,12065,Person A,1512.3,3054.5,240.0,3413.62,26.31,True,Active,Zoya_dif,None,Normal,5: Lying down (controlled)
1788726049.055683,12066,Person A,1512.7,3055.4,160.0,3414.06,26.32,True,Active,Zoya_dif,None,Normal,5: Lying down (controlled)
1788726049.1494267,12067,Person A,1512.7,3056.5,320.0,3413.63,26.27,True,Active,Zoya_dif,None,Normal,5: Lying down (controlled)
1788726049.2275481,12068,Person A,1512.5,3058.0,160.0,3416.32,26.25,True,Active,Zoya_dif,None,Normal,5: Lying down (controlled)
1788726049.3212736,12069,Person A,1512.6,3059.7,160.0,3419.88,26.3,True,Active,Zoya_dif,None,Normal,5: Lying down (controlled)
1788726049.4306586,12070,Person A,1513.0,3060.8,160.0,3419.43,26.32,True,Active,Zoya_dif,None,Normal,5: Lying down (controlled)
1788726049.5087786,12071,Person A,1513.4,3061.5,160.0,3419.43,26.32,True,Active,Zoya_dif,None,Normal,5: Lying down (controlled)
1788726049.586878,12072,Person A,1513.9,3061.9,-80.0,3416.29,26.36,True,Active,Zoya_dif,None,Normal,5: Lying down (controlled)
1788726049.7274933,12073,Person A,1514.6,3062.0,160.0,3414.49,26.41,True,Active,Zoya_dif,None,Normal,5: Lying down (controlled)
1788726049.8056135,12074,Person A,1515.2,3061.5,160.0,3412.25,26.45,True,Active,Zoya_dif,None,Normal,5: Lying down (controlled)
1788726049.899357,12075,Person A,1516.0,3060.7,160.0,3410.01,26.49,True,Active,Zoya_dif,None,Normal,5: Lying down (controlled)
1788726049.9774768,12076,Person A,1516.8,3059.9,160.0,3410.45,26.5,True,Active,Zoya_dif,None,Normal,5: Lying down (controlled)
1788726050.0555964,12077,Person A,1518.0,3058.7,640.0,3408.22,26.54,True,Active,Zoya_dif,None,Normal,5: Lying down (controlled)
1788726050.1337357,12078,Person A,1519.5,3056.9,160.0,3406.87,26.61,True,Active,Zoya_dif,None,Normal,5: Lying down (controlled)
1788726050.2274811,12079,Person A,1520.9,3054.4,160.0,3403.75,26.69,True,Active,Zoya_dif,None,Normal,5: Lying down (controlled)
1788726050.305581,12080,Person A,1522.4,3051.9,160.0,3403.76,26.73,True,Active,Zoya_dif,None,Normal,5: Lying down (controlled)
1788726050.4305768,12081,Person A,1524.4,3049.5,160.0,3406.9,26.8,True,Active,Zoya_dif,None,Normal,5: Lying down (controlled)
1788726050.4930716,12082,Person A,1526.6,3047.7,-80.0,3410.04,26.83,True,Active,Zoya_dif,None,Normal,5: Lying down (controlled)
1788726050.5712059,12083,Person A,1528.7,3046.3,160.0,3411.38,26.84,True,Active,Zoya_dif,None,Normal,5: Lying down (controlled)
1788726050.6805737,12084,Person A,1530.3,3045.2,-80.0,3409.58,26.78,True,Active,Zoya_dif,None,Normal,5: Lying down (controlled)
1788726050.7586937,12085,Person A,1531.5,3044.7,160.0,3410.91,26.71,True,Active,Zoya_dif,None,Normal,5: Lying down (controlled)
1788726050.8368154,12086,Person A,1532.7,3044.3,160.0,3412.25,26.72,True,Active,Zoya_dif,None,Normal,5: Lying down (controlled)
1788726050.9305406,12087,Person A,1533.7,3044.1,160.0,3410.91,26.71,True,Active,Zoya_dif,None,Normal,5: Lying down (controlled)
1788726051.0086575,12088,Person A,1534.4,3044.2,160.0,3410.91,26.71,True,Active,Zoya_dif,None,Normal,5: Lying down (controlled)
1788726051.118028,12089,Person A,1534.7,3045.2,240.0,3414.03,26.66,True,Active,Zoya_dif,None,Normal,5: Lying down (controlled)
1788726051.1961505,12090,Person A,1534.9,3046.7,160.0,3418.06,26.65,True,Active,Zoya_dif,None,Normal,5: Lying down (controlled)
1788726051.3367639,12091,Person A,1534.5,3048.2,240.0,3418.5,26.63,True,Active,Zoya_dif,None,Normal,5: Lying down (controlled)
1788726051.4305246,12092,Person A,1533.9,3049.3,160.0,3417.16,26.66,True,Active,Zoya_dif,None,Normal,5: Lying down (controlled)
1788726051.5242517,12093,Person A,1533.6,3050.2,160.0,3418.07,26.72,True,Active,Zoya_dif,None,Normal,5: Lying down (controlled)
1788726051.6179912,12094,Person A,1533.8,3051.0,240.0,3417.62,26.74,True,Active,Zoya_dif,None,Normal,5: Lying down (controlled)
1788726051.7117374,12095,Person A,1534.4,3051.4,160.0,3417.18,26.77,True,Active,Zoya_dif,None,Normal,5: Lying down (controlled)
1788726051.7898557,12096,Person A,1534.7,3051.7,320.0,3416.28,26.74,True,Active,Zoya_dif,None,Normal,5: Lying down (controlled)
1788726051.8679936,12097,Person A,1535.0,3051.7,0.0,3412.26,26.75,True,Active,Zoya_dif,None,Normal,5: Lying down (controlled)
1788726051.946114,12098,Person A,1535.6,3051.4,160.0,3410.93,26.82,True,Active,Zoya_dif,None,Normal,5: Lying down (controlled)
1788726052.0554805,12099,Person A,1536.3,3050.4,160.0,3408.25,26.84,True,Active,Zoya_dif,None,Normal,5: Lying down (controlled)
1788726052.149206,12100,Person A,1536.9,3048.9,160.0,3407.36,26.85,True,Active,Zoya_dif,None,Normal,5: Lying down (controlled)
1788726052.2429514,12101,Person A,1537.2,3047.6,320.0,3408.24,26.77,True,Active,Zoya_dif,None,Normal,5: Lying down (controlled)
1788726052.3054643,12102,Person A,1537.4,3047.0,160.0,3412.7,26.73,True,Active,Zoya_dif,None,Normal,5: Lying down (controlled)
1788726052.399188,12103,Person A,1537.2,3046.6,160.0,3413.59,26.72,True,Active,Zoya_dif,None,Normal,5: Lying down (controlled)
1788726052.461685,12104,Person A,1537.0,3046.2,160.0,3413.15,26.75,True,Active,Zoya_dif,None,Normal,5: Lying down (controlled)
1788726052.5554273,12105,Person A,1536.7,3045.8,160.0,3412.26,26.75,True,Active,Zoya_dif,None,Normal,5: Lying down (controlled)
1788726052.633549,12106,Person A,1536.3,3045.7,240.0,3413.59,26.69,True,Active,Zoya_dif,None,Normal,5: Lying down (controlled)
1788726052.7272913,12107,Person A,1536.0,3046.2,160.0,3415.38,26.67,True,Active,Zoya_dif,None,Normal,5: Lying down (controlled)
1788726052.8054354,12108,Person A,1535.2,3047.0,320.0,3414.48,26.64,True,Active,Zoya_dif,None,Normal,5: Lying down (controlled)
1788726052.8991742,12109,Person A,1534.1,3047.6,-80.0,3408.66,26.63,True,Active,Zoya_dif,None,Normal,5: Lying down (controlled)
1788726052.9928992,12110,Person A,1532.3,3047.4,0.0,3397.48,26.6,True,Active,Zoya_dif,None,Normal,5: Lying down (controlled)
1788726053.0866623,12111,Person A,1530.1,3046.0,240.0,3385.85,26.54,True,Active,Zoya_dif,None,Normal,5: Lying down (controlled)
1788726053.1491573,12112,Person A,1527.8,3043.7,160.0,3381.83,26.56,True,Active,Zoya_dif,None,Normal,5: Lying down (controlled)
1788726053.2428818,12113,Person A,1525.2,3041.1,320.0,3378.7,26.53,True,Active,Zoya_dif,None,Normal,5: Lying down (controlled)
1788726053.3366253,12114,Person A,1522.6,3038.8,160.0,3380.94,26.53,True,Active,Zoya_dif,None,Normal,5: Lying down (controlled)
1788726053.4303763,12115,Person A,1520.3,3036.8,160.0,3384.07,26.56,True,Active,Zoya_dif,None,Normal,5: Lying down (controlled)
1788726053.5084934,12116,Person A,1518.4,3034.5,160.0,3384.51,26.57,True,Active,Zoya_dif,None,Normal,5: Lying down (controlled)
1788726053.5866277,12117,Person A,1516.7,3032.1,160.0,3386.3,26.6,True,Active,Zoya_dif,None,Normal,5: Lying down (controlled)
1788726053.6803527,12118,Person A,1515.8,3029.7,160.0,3388.99,26.69,True,Active,Zoya_dif,None,Normal,5: Lying down (controlled)
1788726053.7897422,12119,Person A,1515.6,3028.1,160.0,3393.47,26.72,True,Active,Zoya_dif,None,Normal,5: Lying down (controlled)
1788726053.86784,12120,Person A,1516.3,3027.5,160.0,3395.26,26.75,True,Active,Zoya_dif,None,Normal,5: Lying down (controlled)
1788726053.9459596,12121,Person A,1517.8,3027.9,160.0,3396.16,26.74,True,Active,Zoya_dif,None,Normal,5: Lying down (controlled)
1788726054.024079,12122,Person A,1519.4,3028.9,160.0,3397.94,26.72,True,Active,Zoya_dif,None,Normal,5: Lying down (controlled)
1788726054.117823,12123,Person A,1521.0,3030.4,240.0,3399.27,26.66,True,Active,Zoya_dif,None,Normal,5: Lying down (controlled)
1788726054.2271905,12124,Person A,1522.5,3032.1,160.0,3402.85,26.63,True,Active,Zoya_dif,None,Normal,5: Lying down (controlled)
1788726054.3209338,12125,Person A,1523.5,3033.6,240.0,3401.95,26.6,True,Active,Zoya_dif,None,Normal,5: Lying down (controlled)
1788726054.3990543,12126,Person A,1524.5,3035.0,160.0,3401.51,26.62,True,Active,Zoya_dif,None,Normal,5: Lying down (controlled)
1788726054.4771738,12127,Person A,1525.9,3036.1,160.0,3402.41,26.72,True,Active,Zoya_dif,None,Normal,5: Lying down (controlled)
1788726054.5709362,12128,Person A,1527.1,3036.9,240.0,3401.54,26.81,True,Active,Zoya_dif,None,Normal,5: Lying down (controlled)
1788726054.6802847,12129,Person A,1528.1,3037.2,160.0,3400.65,26.85,True,Active,Zoya_dif,None,Normal,5: Lying down (controlled)
1788726054.774049,12130,Person A,1528.7,3037.4,320.0,3399.75,26.82,True,Active,Zoya_dif,None,Normal,5: Lying down (controlled)
1788726054.867777,12131,Person A,1528.8,3037.4,0.0,3396.61,26.75,True,Active,Zoya_dif,None,Normal,5: Lying down (controlled)
1788726054.9302711,12132,Person A,1528.8,3037.2,160.0,3396.16,26.74,True,Active,Zoya_dif,None,Normal,5: Lying down (controlled)
1788726055.0083878,12133,Person A,1528.9,3036.8,160.0,3396.15,26.7,True,Active,Zoya_dif,None,Normal,5: Lying down (controlled)
1788726055.1177583,12134,Person A,1529.0,3036.3,160.0,3398.83,26.68,True,Active,Zoya_dif,None,Normal,5: Lying down (controlled)
1788726055.2115004,12135,Person A,1529.2,3036.1,-80.0,3401.06,26.64,True,Active,Zoya_dif,None,Normal,5: Lying down (controlled)
1788726055.2896192,12136,Person A,1529.2,3035.9,240.0,3399.72,26.63,True,Active,Zoya_dif,None,Normal,5: Lying down (controlled)
1788726055.383382,12137,Person A,1528.8,3035.8,160.0,3399.72,26.67,True,Active,Zoya_dif,None,Normal,5: Lying down (controlled)
1788726055.4615023,12138,Person A,1528.1,3035.9,160.0,3399.28,26.69,True,Active,Zoya_dif,None,Normal,5: Lying down (controlled)
1788726055.5552294,12139,Person A,1527.3,3036.3,160.0,3400.62,26.7,True,Active,Zoya_dif,None,Normal,5: Lying down (controlled)
1788726055.6645966,12140,Person A,1526.4,3036.9,240.0,3401.06,26.64,True,Active,Zoya_dif,None,Normal,5: Lying down (controlled)
1788726055.789589,12141,Person A,1526.0,3037.9,160.0,3403.74,26.62,True,Active,Zoya_dif,None,Normal,5: Lying down (controlled)
1788726055.883331,12142,Person A,1525.5,3039.0,320.0,3403.74,26.58,True,Active,Zoya_dif,None,Normal,5: Lying down (controlled)
1788726055.9614685,12143,Person A,1525.1,3039.7,-80.0,3400.61,26.59,True,Active,Zoya_dif,None,Normal,5: Lying down (controlled)
1788726056.0551922,12144,Person A,1525.1,3039.8,160.0,3399.72,26.67,True,Active,Zoya_dif,None,Normal,5: Lying down (controlled)
1788726056.133312,12145,Person A,1525.3,3039.2,240.0,3396.6,26.72,True,Active,Zoya_dif,None,Normal,5: Lying down (controlled)
1788726056.2270586,12146,Person A,1525.7,3038.5,160.0,3395.26,26.75,True,Active,Zoya_dif,None,Normal,5: Lying down (controlled)
1788726056.2895544,12147,Person A,1525.6,3038.0,320.0,3394.81,26.69,True,Active,Zoya_dif,None,Normal,5: Lying down (controlled)
1788726056.3676753,12148,Person A,1525.2,3038.1,160.0,3398.38,26.63,True,Active,Zoya_dif,None,Normal,5: Lying down (controlled)
1788726056.445794,12149,Person A,1524.8,3038.2,160.0,3399.72,26.63,True,Active,Zoya_dif,None,Normal,5: Lying down (controlled)
1788726056.5395555,12150,Person A,1524.9,3038.2,160.0,3401.51,26.66,True,Active,Zoya_dif,None,Normal,5: Lying down (controlled)
1788726056.633298,12151,Person A,1525.2,3038.2,160.0,3405.09,26.66,True,Active,Zoya_dif,None,Normal,5: Lying down (controlled)
1788726056.711401,12152,Person A,1526.2,3038.3,390.0,3409.12,26.72,True,Active,Zoya_dif,None,Normal,5: Lying down (controlled)
1788726056.7895374,12153,Person A,1527.7,3038.8,-80.0,3411.82,26.78,True,Active,Zoya_dif,None,Normal,5: Lying down (controlled)
1788726056.8988855,12154,Person A,1528.8,3039.4,160.0,3410.03,26.79,True,Active,Zoya_dif,None,Normal,5: Lying down (controlled)
1788726056.977008,12155,Person A,1529.9,3040.5,160.0,3411.37,26.8,True,Active,Zoya_dif,None,Normal,5: Lying down (controlled)
1788726057.0551448,12156,Person A,1531.1,3041.9,160.0,3413.17,26.82,True,Active,Zoya_dif,None,Normal,5: Lying down (controlled)
1788726057.1435723,12157,Person A,1532.6,3043.1,240.0,3412.28,26.83,True,Active,Zoya_dif,None,Normal,5: Lying down (controlled)
